"Data Source","World Development Indicators",

"Last Updated Date","2019-03-21",

"Country Name","Country Code","Indicator Name","Indicator Code","1960","1961","1962","1963","1964","1965","1966","1967","1968","1969","1970","1971","1972","1973","1974","1975","1976","1977","1978","1979","1980","1981","1982","1983","1984","1985","1986","1987","1988","1989","1990","1991","1992","1993","1994","1995","1996","1997","1998","1999","2000","2001","2002","2003","2004","2005","2006","2007","2008","2009","2010","2011","2012","2013","2014","2015","2016","2017","2018",
"Aruba","ABW","Literacy rate, adult male (% of males ages 15 and above)","SE.ADT.LITR.MA.ZS","","","","","","","","","","","","","","","","","","","","","","","","","","","","","","","","","","","","","","","","","97.5374","","","","","","","","","","96.94053","","","","","","","","",
"Afghanistan","AFG","Literacy rate, adult male (% of males ages 15 and above)","SE.ADT.LITR.MA.ZS","","","","","","","","","","","","","","","","","","","","30.30775","","","","","","","","","","","","","","","","","","","","","","","","","","","","","","","","45.4171","","","","","","","",
"Angola","AGO","Literacy rate, adult male (% of males ages 15 and above)","SE.ADT.LITR.MA.ZS","","","","","","","","","","","","","","","","","","","","","","","","","","","","","","","","","","","","","","","","","","82.91987","","","","","","","","","","","","","79.97415","","","","",
"Albania","ALB","Literacy rate, adult male (% of males ages 15 and above)","SE.ADT.LITR.MA.ZS","","","","","","","","","","","","","","","","","","","","","","","","","","","","","","","","","","","","","","","","","","99.18761","","","","","","","97.3062","","","98.00816","98.35261","","","","","","",
"Andorra","AND","Literacy rate, adult male (% of males ages 15 and above)","SE.ADT.LITR.MA.ZS","","","","","","","","","","","","","","","","","","","","","","","","","","","","","","","","","","","","","","","","","","","","","","","","","","","","","","","","","","","",
"Arab World","ARB","Literacy rate, adult male (% of males ages 15 and above)","SE.ADT.LITR.MA.ZS","","","","","","","","","","","","","","","","","","","60.2949","60.64819","61.10123","61.57178","62.07459","62.00597","62.7109","63.48105","64.27246","64.72476","65.58355","66.31056","67.10404","68.07179","68.72493","69.83685","70.35145","71.18083","72.21095","72.87947","73.84942","74.60969","75.03295","76.24353","77.08168","80.00241","80.5662","80.89191","77.643","78.26312","78.72596","77.56362","78.14771","79.49859","80.38914","80.70831","81.04234","81.33483","81.58286","","",
"United Arab Emirates","ARE","Literacy rate, adult male (% of males ages 15 and above)","SE.ADT.LITR.MA.ZS","","","","","","","","","","","","","","","","58.38611","","","","","","","","","","72.27428","","","","","","","","","","","","","","","","","","","","89.4821","","","","","","","","","","","","","",
"Argentina","ARG","Literacy rate, adult male (% of males ages 15 and above)","SE.ADT.LITR.MA.ZS","","","","","","","","","","","","","","","","","","","","","94.26339","","","","","","","","","","","96.22127","","","","","","","","","","97.1932","","","","","98.7271899999999","","","98.96272","98.98532","99.2283099999999","99.11113","99.15603","99.06125","99.14825","99.10499","","",
"Armenia","ARM","Literacy rate, adult male (% of males ages 15 and above)","SE.ADT.LITR.MA.ZS","","","","","","","","","","","","","","","","","","","","","","","","","","","","","","99.40385","","","","","","","","","","","","99.67223","","","","","","","","","","99.8060799999999","","","","","","","",
"American Samoa","ASM","Literacy rate, adult male (% of males ages 15 and above)","SE.ADT.LITR.MA.ZS","","","","","","","","","","","","","","","","","","","","","97.46996","","","","","","","","","","","","","","","","","","","","","","","","","","","","","","","","","","","","","","",
"Antigua and Barbuda","ATG","Literacy rate, adult male (% of males ages 15 and above)","SE.ADT.LITR.MA.ZS","","","","","","","","","","","","","","","","","","","","","","","","","","","","","","","","","","","","","","","","","","98.4","","","","","","","","","","","","","","98.4","","","",
"Australia","AUS","Literacy rate, adult male (% of males ages 15 and above)","SE.ADT.LITR.MA.ZS","","","","","","","","","","","","","","","","","","","","","","","","","","","","","","","","","","","","","","","","","","","","","","","","","","","","","","","","","","","",
"Austria","AUT","Literacy rate, adult male (% of males ages 15 and above)","SE.ADT.LITR.MA.ZS","","","","","","","","","","","","","","","","","","","","","","","","","","","","","","","","","","","","","","","","","","","","","","","","","","","","","","","","","","","",
"Azerbaijan","AZE","Literacy rate, adult male (% of males ages 15 and above)","SE.ADT.LITR.MA.ZS","","","","","","","","","","","","","","","","","","","","","","","","","","","","","","","","","","","","","","","","99.47242","","","","","","","","99.824","","99.84267","99.85444","99.85666","99.85285","99.86592","99.86201","99.86263","99.86405","","",
"Burundi","BDI","Literacy rate, adult male (% of males ages 15 and above)","SE.ADT.LITR.MA.ZS","","","","","","","","","","","","","","","","","","","","34.26271","","","","","","","","","","","48.23625","","","","","","","","","","67.3069299999999","","","","","","","","53.12839","","","","","","69.69251","","","","",
"Belgium","BEL","Literacy rate, adult male (% of males ages 15 and above)","SE.ADT.LITR.MA.ZS","","","","","","","","","","","","","","","","","","","","","","","","","","","","","","","","","","","","","","","","","","","","","","","","","","","","","","","","","","","",
"Benin","BEN","Literacy rate, adult male (% of males ages 15 and above)","SE.ADT.LITR.MA.ZS","","","","","","","","","","","","","","","","","","","","25.19006","","","","","","","","","","","","","39.90334","","","","","","","","","","47.86596","","","","40.61617","","","","","","44.96026","","","","","","",
"Burkina Faso","BFA","Literacy rate, adult male (% of males ages 15 and above)","SE.ADT.LITR.MA.ZS","","","","","","","","","","","","","","","","14.52849","","","","","","","","","","","","","","","","19.62613","","","","","18.51779","","","","","","","29.362","","31.44193","29.71436","36.68067","","","","","","","44.37945","","","","",
"Bangladesh","BGD","Literacy rate, adult male (% of males ages 15 and above)","SE.ADT.LITR.MA.ZS","","","","","","","","","","","","","","","","","","","","","","39.7323","","","","","","","","","","44.31428","","","","","","","","","","53.89609","","","","","","49.83233","","","","47.44985","61.54287","64.21377","64.36509","68.0553599999999","75.61885","75.70236","",
"Bulgaria","BGR","Literacy rate, adult male (% of males ages 15 and above)","SE.ADT.LITR.MA.ZS","","","","","","","","","","","","","","","","","","","","","","","","","","","","","","","","","","","","","","","","","","98.7366","","","","","","","","","","98.74723","","","","","","","",
"Bahrain","BHR","Literacy rate, adult male (% of males ages 15 and above)","SE.ADT.LITR.MA.ZS","","","","","","","","","","","","","","","","","","","","","","76.51837","","","","","","","","","","88.53737","","","","","","","","","","88.5541099999999","","","","","","","","","","","","","","","","","",
"Bahamas, The","BHS","Literacy rate, adult male (% of males ages 15 and above)","SE.ADT.LITR.MA.ZS","","","","","","","","","","","","","","","","","","","","","","","","","","","","","","","","","","","","","","","","","","","","","","","","","","","","","","","","","","","",
"Bosnia and Herzegovina","BIH","Literacy rate, adult male (% of males ages 15 and above)","SE.ADT.LITR.MA.ZS","","","","","","","","","","","","","","","","","","","","","","","","","","","","","","","","96.30542","","","","","","","","","99.03371","","","","","","","","","","","99.54133","","99.17628","","","","","",
"Belarus","BLR","Literacy rate, adult male (% of males ages 15 and above)","SE.ADT.LITR.MA.ZS","","","","","","","","","","","","","","","","","","","","","","","","","","","","","","99.38418","","","","","","","","","","99.7921099999999","","","","","","","","","","99.76369","","","","","","","","","",
"Belize","BLZ","Literacy rate, adult male (% of males ages 15 and above)","SE.ADT.LITR.MA.ZS","","","","","","","","","","","","","","","","","","","","","","","","","","","","","","","","70.26877","","","","","","","","","","","","","","","","","","","","","","","","","","","",
"Bermuda","BMU","Literacy rate, adult male (% of males ages 15 and above)","SE.ADT.LITR.MA.ZS","","","","","","","","","","","","","","","","","","","","","","","","","","","","","","","","","","","","","","","","","","","","","","","","","","","","","","","","","","","",
"Bolivia","BOL","Literacy rate, adult male (% of males ages 15 and above)","SE.ADT.LITR.MA.ZS","","","","","","","","","","","","","","","","","75.84289","","","","","","","","","","","","","","","","88.15559","","","","","","","","","93.05747","","","","","","96.03626","94.95543","95.80364","","96.60105","97.10705","","","96.52275","","","",
"Brazil","BRA","Literacy rate, adult male (% of males ages 15 and above)","SE.ADT.LITR.MA.ZS","","","","","","","","","","","","","","","","","","","","","76.37736","","","","","","","","","","","","","","","","","","","","86.22798","","","","88.40946","","89.35324","89.7721399999999","89.83787","90.17484","90.05618","91.16898","91.02567","91.17796","91.36677","91.72516","","","",
"Barbados","BRB","Literacy rate, adult male (% of males ages 15 and above)","SE.ADT.LITR.MA.ZS","","","","","","","","","","","99.2872299999999","","","","","","","","","","","","","","99.5999999999999","","","","","","","","","","99.5999999999999","","","","","","","","","","99.5999999999999","","","","","","","","","","99.5999999999999","","","","",
"Brunei Darussalam","BRN","Literacy rate, adult male (% of males ages 15 and above)","SE.ADT.LITR.MA.ZS","","","","","","","","","","","","","","","","","","","","","","85.13681","","","","","","","","","","92.45219","","","","","","","","","","95.15042","","","","","","","","","","97.42816","","","","","","","",
"Bhutan","BTN","Literacy rate, adult male (% of males ages 15 and above)","SE.ADT.LITR.MA.ZS","","","","","","","","","","","","","","","","","","","","","","","","","","","","","","","","","","","","","","","","","","","","","","65.04778","","","","","","","66.00306","","","","","","",
"Botswana","BWA","Literacy rate, adult male (% of males ages 15 and above)","SE.ADT.LITR.MA.ZS","","","","","","","","","","","","","","","","","","","","","","","","","","","","","","","","65.38694","","","","","","","","","","","","80.43011","","","","","","","","","","","86.74","","","","",
"Central African Republic","CAF","Literacy rate, adult male (% of males ages 15 and above)","SE.ADT.LITR.MA.ZS","","","","","","","","","","","","","","","","29.59292","","","","","","","","","","","","","48.0203","","","","","","","","","","","","66.78953","","","","","","","","","","50.71271","","","","","","","","",
"Canada","CAN","Literacy rate, adult male (% of males ages 15 and above)","SE.ADT.LITR.MA.ZS","","","","","","","","","","","","","","","","","","","","","","","","","","","","","","","","","","","","","","","","","","","","","","","","","","","","","","","","","","","",
"Central Europe and the Baltics","CEB","Literacy rate, adult male (% of males ages 15 and above)","SE.ADT.LITR.MA.ZS","","","","","","","","","","","","","","","","","","","","","","","99.01356","99.02429","99.04212","99.05588","99.06562","99.0799","99.09186","99.11788","99.1393","99.15325","99.1757","99.19261","","","","","","","","","","","","","","","","","","","","","","","","","",
"Switzerland","CHE","Literacy rate, adult male (% of males ages 15 and above)","SE.ADT.LITR.MA.ZS","","","","","","","","","","","","","","","","","","","","","","","","","","","","","","","","","","","","","","","","","","","","","","","","","","","","","","","","","","","",
"Channel Islands","CHI","Literacy rate, adult male (% of males ages 15 and above)","SE.ADT.LITR.MA.ZS","","","","","","","","","","","","","","","","","","","","","","","","","","","","","","","","","","","","","","","","","","","","","","","","","","","","","","","","","","","",
"Chile","CHL","Literacy rate, adult male (% of males ages 15 and above)","SE.ADT.LITR.MA.ZS","","","","","","","","","","","","","","","","","","","","","","","91.48054","","","","","","","","","","94.56307","","","","","","","","","","95.79641","","","","","","98.60164","98.6072","","96.89878","","96.3880099999999","","97.02469","","","",
"China","CHN","Literacy rate, adult male (% of males ages 15 and above)","SE.ADT.LITR.MA.ZS","","","","","","","","","","","","","","","","","","","","","","","79.1917799999999","","","","","","","","87.02498","","","","","","","","","","95.13525","","","","","","","","","","97.47946","","","","","","","","",
"Cote d'Ivoire","CIV","Literacy rate, adult male (% of males ages 15 and above)","SE.ADT.LITR.MA.ZS","","","","","","","","","","","","","","","","","","","","","","","","","","","","","44.36354","","","","","","","","","","43.94642","","60.86066","","","","","","","","","","","","51.59267","","50.7019","","","","",
"Cameroon","CMR","Literacy rate, adult male (% of males ages 15 and above)","SE.ADT.LITR.MA.ZS","","","","","","","","","","","","","","","","","54.62985","","","","","","","","","","","","","","","","","","","","","","","","79.19452","","","","","","","78.94996","","","78.32769","","","","","","","","",
"Congo, Dem. Rep.","COD","Literacy rate, adult male (% of males ages 15 and above)","SE.ADT.LITR.MA.ZS","","","","","","","","","","","","","","","","","","","","","","","","","","","","","","","","","","","","","","","","","","80.92324","","","","","","76.91569","","","","","87.90839","","","","88.52469","","",
"Congo, Rep.","COG","Literacy rate, adult male (% of males ages 15 and above)","SE.ADT.LITR.MA.ZS","","","","","","","","","","","","","","","","","","","","","","","","","","","","","","","","","","","","","","","","","","","","","","","","","","","","86.43431","","","","","","","",
"Colombia","COL","Literacy rate, adult male (% of males ages 15 and above)","SE.ADT.LITR.MA.ZS","","","","","","","","","","","","","","","","","","","","","","","","","","","","","","","","","","90.97266","","","91.0891","","","","","","","","92.90412","92.77795","92.3927999999999","92.4297","93.31688","93.06254","93.25019","93.48826","","","93.8674","94.06317","94.40228","","",
"Comoros","COM","Literacy rate, adult male (% of males ages 15 and above)","SE.ADT.LITR.MA.ZS","","","","","","","","","","","","","","","","","","","","","55.97704","","","","","","","","","","","","","","","","","","","","74.5140399999999","","","","","","","","","","","","56.4798","","","","","","",
"Cabo Verde","CPV","Literacy rate, adult male (% of males ages 15 and above)","SE.ADT.LITR.MA.ZS","","","","","","","","","","","","","","","","","","","","","","","","","","","","","","","74.75927","","","","","","","","","","","","","","80.53","","","","","","","","90.4745","","","91.69144","","","",
"Costa Rica","CRI","Literacy rate, adult male (% of males ages 15 and above)","SE.ADT.LITR.MA.ZS","","","","","","","","","","","","","","","","","","","","","","","","","92.68214","","","","","","","","","","","","","","","","94.65018","","","","","","","","","","","97.30633","","","","","","","",
"Caribbean small states","CSS","Literacy rate, adult male (% of males ages 15 and above)","SE.ADT.LITR.MA.ZS","","","","","","","","","","","","","","","","","","","","","","","","","","","","","","","","","","84.5226","84.55254","84.81504","85.05495","85.29674","85.54393","85.23805","86.06818","86.35933","86.63559","86.90736","87.16746","87.46263","87.7098","88.17755","88.41722","88.63919","","","","","","","","","",
"Cuba","CUB","Literacy rate, adult male (% of males ages 15 and above)","SE.ADT.LITR.MA.ZS","","","","","","","","","","","","","","","","","","","","","","","","","","","","","","","","","","","","","","","","","","","99.80731","","","","","","","","","","99.7060599999999","","","","","","",
"Curacao","CUW","Literacy rate, adult male (% of males ages 15 and above)","SE.ADT.LITR.MA.ZS","","","","","","","","","","","","","","","","","","","","","","","","","","","","","","","","","","","","","","","","","","","","","","","","","","","","","","","","","","","",
"Cayman Islands","CYM","Literacy rate, adult male (% of males ages 15 and above)","SE.ADT.LITR.MA.ZS","","","","","","","","","","","","","","","","","","","","","","","","","","","","","","","","","","","","","","","","","","","","","","","","98.72239","","","","","","","","","","","",
"Cyprus","CYP","Literacy rate, adult male (% of males ages 15 and above)","SE.ADT.LITR.MA.ZS","","","","","","","","","","","","","","","","","","","","","","","","","","","","","","","","","97.83059","","","","","","","","","98.63104","","","","","","","","","","99.28615","","","","","","","",
"Czech Republic","CZE","Literacy rate, adult male (% of males ages 15 and above)","SE.ADT.LITR.MA.ZS","","","","","","","","","","","","","","","","","","","","","","","","","","","","","","","","","","","","","","","","","","","","","","","","","","","","","","","","","","","",
"Germany","DEU","Literacy rate, adult male (% of males ages 15 and above)","SE.ADT.LITR.MA.ZS","","","","","","","","","","","","","","","","","","","","","","","","","","","","","","","","","","","","","","","","","","","","","","","","","","","","","","","","","","","",
"Djibouti","DJI","Literacy rate, adult male (% of males ages 15 and above)","SE.ADT.LITR.MA.ZS","","","","","","","","","","","","","","","","","","","","","","","","","","","","","","","","","","","","","","","","","","","","","","","","","","","","","","","","","","","",
"Dominica","DMA","Literacy rate, adult male (% of males ages 15 and above)","SE.ADT.LITR.MA.ZS","","","","","","","","","","","","","","","","","","","","","","","","","","","","","","","","","","","","","","","","","","","","","","","","","","","","","","","","","","","",
"Denmark","DNK","Literacy rate, adult male (% of males ages 15 and above)","SE.ADT.LITR.MA.ZS","","","","","","","","","","","","","","","","","","","","","","","","","","","","","","","","","","","","","","","","","","","","","","","","","","","","","","","","","","","",
"Dominican Republic","DOM","Literacy rate, adult male (% of males ages 15 and above)","SE.ADT.LITR.MA.ZS","","","","","","","","","","","","","","","","","","","","","","73.59025","","","","","","","","","","","","","","","","","","","","","86.81102","","","","","88.21015","","","89.3770399999999","89.98501","90.0848199999999","90.45813","91.3716","91.65071","93.7936","","",
"Algeria","DZA","Literacy rate, adult male (% of males ages 15 and above)","SE.ADT.LITR.MA.ZS","","","","","","","","","","","","","","","","","","","","","","","","","","","","63.37743","","","","","","","","","","","","","","","79.18669","","","","81.28404","","82.61584","","","","","","","","","","",
"East Asia & Pacific (excluding high income)","EAP","Literacy rate, adult male (% of males ages 15 and above)","SE.ADT.LITR.MA.ZS","","","","","","","","","","","","","","","","","77.32581","77.43379","78.24236","79.05369","79.36658","80.59643","81.00399","82.07758","82.79198","83.46887","84.13407","85.12484","87.93744","88.35516","87.87152","89.05829","89.35532","89.58849","89.92653","90.25816","90.59502","93.81687","94.03425","94.22447","94.59231","94.69266","94.90399","95.08348","95.45678","95.68777","95.94529","96.55249","96.68431","96.82698","96.86077","96.62573","96.76313","96.82167","96.99699","97.09139","97.15206","","",
"Early-demographic dividend","EAR","Literacy rate, adult male (% of males ages 15 and above)","SE.ADT.LITR.MA.ZS","","","","","","","","","","","","","","","","60.02435","60.18764","60.75914","61.28368","61.79948","61.85305","62.38235","63.23196","63.68196","64.26662","64.76706","65.2407","66.06406","67.15939","67.71718","68.37026","68.63354","69.72978","70.5241","71.16544","71.77443","72.31707","72.84799","76.00195","76.42904","76.92109","77.16683","77.82261","78.84301","79.46878","79.63221","79.57089","80.10344","81.05373","81.66377","82.03762","81.19605","83.10652","83.39224","83.86259","84.24545","84.57598","","",
"East Asia & Pacific","EAS","Literacy rate, adult male (% of males ages 15 and above)","SE.ADT.LITR.MA.ZS","","","","","","","","","","","","","","","","","80.17249","80.23882","80.91152","81.58543","81.82525","82.86693","83.19301","84.10148","84.7005","85.27137","85.83589","86.69403","89.15783","89.51685","89.0924","90.13549","90.39176","90.59096","90.88398","91.18186","91.48116","94.3384","94.53707","94.71112","95.04204","95.13569","95.32777","95.49157","95.83105","96.03638","96.26637","96.81056","96.92925","97.05808","97.08977","96.88048","97.00493","97.05879","97.21746","97.30305","97.35882","","",
"Europe & Central Asia (excluding high income)","ECA","Literacy rate, adult male (% of males ages 15 and above)","SE.ADT.LITR.MA.ZS","","","","","","","","","","","","","","","","","","","","","","","","97.25561","97.66132","97.74904","97.76901","97.82383","97.86951","97.92562","98.02486","98.03491","98.08975","98.13933","98.18681","98.23583","98.30265","98.33967","98.43153","98.44736","98.6772","98.72123","98.75849","98.78644","98.83249","98.9747","98.95472","98.98901","99.0027","99.11469","99.26972","99.37984","99.43138","99.44825","99.46348","99.47765","99.51393","","",
"Europe & Central Asia","ECS","Literacy rate, adult male (% of males ages 15 and above)","SE.ADT.LITR.MA.ZS","","","","","","","","","","","","","","","","","","","","","","","","","","","","98.02311","98.13447","98.17501","98.23361","98.25257","98.28958","98.32369","98.35654","98.42284","98.49607","98.55651","98.64907","98.69956","98.84387","98.90394","98.94054","98.99382","99.041","99.09851","99.12384","99.12407","99.14026","99.17422","99.25279","99.33013","99.36427","99.38469","99.39563","99.4094","99.43303","","",
"Ecuador","ECU","Literacy rate, adult male (% of males ages 15 and above)","SE.ADT.LITR.MA.ZS","","","","","","","","","","","","","","","","","","","","","","","86.78697","","","","","","","","90.49677","","","","","","","","","","","92.32713","","","","","","93.3892","93.74945","93.66378","93.3168699999999","93.05252","93.25424","94.42573","95.25717","95.72622","95.44502","","",
"Egypt, Arab Rep.","EGY","Literacy rate, adult male (% of males ages 15 and above)","SE.ADT.LITR.MA.ZS","","","","","","","","","","","","","","","","","53.61519","","","","","","","","","","56.97616","","","","","","","","","","67.15178","","","","","","","","","83.01752","74.6217999999999","","","","80.2686499999999","","81.67922","82.63334","","","","86.47518","",
"Euro area","EMU","Literacy rate, adult male (% of males ages 15 and above)","SE.ADT.LITR.MA.ZS","","","","","","","","","","","","","","","","","","","","","","","","","","","","","97.93869","97.98288","98.02343","98.06133","98.09226","98.1254","98.15732","98.24598","98.33356","98.42049","98.52723","98.61231","98.70209","98.78052","98.80981","98.88914","98.93269","98.92192","99.0076","98.96911","98.99192","98.95397","98.98201","99.05746","99.08696","99.11962","99.12991","99.14763","99.16769","","",
"Eritrea","ERI","Literacy rate, adult male (% of males ages 15 and above)","SE.ADT.LITR.MA.ZS","","","","","","","","","","","","","","","","","","","","","","","","","","","","","","","","","","","","","","","","","","","65.39012","","","","","","75.07241","","","","","","","","","","",
"Spain","ESP","Literacy rate, adult male (% of males ages 15 and above)","SE.ADT.LITR.MA.ZS","","","","","","","","","","","","","","","","","","","","","","95.89753","","","","","","","","","","98.03549","","","","","","","","","","","","","98.14391","98.61747","","98.63346","98.4023","98.46194","98.52571","98.53619","98.60653","98.74875","98.73127","98.7708899999999","98.83597","","",
"Estonia","EST","Literacy rate, adult male (% of males ages 15 and above)","SE.ADT.LITR.MA.ZS","","","","","","","","","","","","","","","","","","","","","","","","","","","","","","99.87598","","","","","","","","","","","99.77595","","","","","","","","","","","99.85898","","","","","","","",
"Ethiopia","ETH","Literacy rate, adult male (% of males ages 15 and above)","SE.ADT.LITR.MA.ZS","","","","","","","","","","","","","","","","","","","","","","","","","","","","","","","","","","","35.98254","","","","","","","","","","50","41.93662","","49.13466","","","","","","","","","","","",
"European Union","EUU","Literacy rate, adult male (% of males ages 15 and above)","SE.ADT.LITR.MA.ZS","","","","","","","","","","","","","","","","","","","","","","","","","","","","","98.31401","98.34682","98.37538","98.40267","","98.44953","98.47312","98.54916","98.62381","98.69844","98.78749","98.84142","98.9167","98.98438","99.01945","99.08662","99.13059","99.12399","99.18168","99.15697","99.17551","99.17792","99.19828","99.24969","99.2705","99.29345","99.30142","99.31425","99.32842","","",
"Fragile and conflict affected situations","FCS","Literacy rate, adult male (% of males ages 15 and above)","SE.ADT.LITR.MA.ZS","","","","","","","","","","","","","","","","","","","","","","","","","","","","66.9604","67.43893","67.59269","67.95209","68.27799","68.59777","68.80753","69.58703","69.82582","70.2298","70.92286","71.82017","72.07215","72.85198","73.38963","73.72377","73.59186","73.7123","73.77804","71.93012","71.8301","71.24002","69.4281","69.61697","68.87053","69.33219","69.12752","69.49487","69.67947","69.76895","","",
"Finland","FIN","Literacy rate, adult male (% of males ages 15 and above)","SE.ADT.LITR.MA.ZS","","","","","","","","","","","","","","","","","","","","","","","","","","","","","","","","","","","","","","","","","","","","","","","","","","","","","","","","","","","",
"Fiji","FJI","Literacy rate, adult male (% of males ages 15 and above)","SE.ADT.LITR.MA.ZS","","","","","","","","","","","","","","","","","","","","","","","","","","","","","","","","","","","","","","","","","","","","","","","","","","","","","","","","","","","",
"France","FRA","Literacy rate, adult male (% of males ages 15 and above)","SE.ADT.LITR.MA.ZS","","","","","","","","","","","","","","","","","","","","","","","","","","","","","","","","","","","","","","","","","","","","","","","","","","","","","","","","","","","",
"Faroe Islands","FRO","Literacy rate, adult male (% of males ages 15 and above)","SE.ADT.LITR.MA.ZS","","","","","","","","","","","","","","","","","","","","","","","","","","","","","","","","","","","","","","","","","","","","","","","","","","","","","","","","","","","",
"Micronesia, Fed. Sts.","FSM","Literacy rate, adult male (% of males ages 15 and above)","SE.ADT.LITR.MA.ZS","","","","","","","","","","","","","","","","","","","","","","","","","","","","","","","","","","","","","","","","","","","","","","","","","","","","","","","","","","","",
"Gabon","GAB","Literacy rate, adult male (% of males ages 15 and above)","SE.ADT.LITR.MA.ZS","","","","","","","","","","","","","","","","","","","","","","","","","","","","","","","","","","79.44418","","","","","","","","","","","","","","","","","","","84.8733","","","","","","",
"United Kingdom","GBR","Literacy rate, adult male (% of males ages 15 and above)","SE.ADT.LITR.MA.ZS","","","","","","","","","","","","","","","","","","","","","","","","","","","","","","","","","","","","","","","","","","","","","","","","","","","","","","","","","","","",
"Georgia","GEO","Literacy rate, adult male (% of males ages 15 and above)","SE.ADT.LITR.MA.ZS","","","","","","","","","","","","","","","","","","","","","","","","","","","","","","","","","","","","","","","","","","","99.76898","","","","","","","","","","","","99.66821","","","","",
"Ghana","GHA","Literacy rate, adult male (% of males ages 15 and above)","SE.ADT.LITR.MA.ZS","","","","","","","","","","","","","","","","","","","","","","","","","","","","","","","","","","","","","","","","","66.35128","","","","","","","","","","78.34891","","","","","","","","",
"Gibraltar","GIB","Literacy rate, adult male (% of males ages 15 and above)","SE.ADT.LITR.MA.ZS","","","","","","","","","","","","","","","","","","","","","","","","","","","","","","","","","","","","","","","","","","","","","","","","","","","","","","","","","","","",
"Guinea","GIN","Literacy rate, adult male (% of males ages 15 and above)","SE.ADT.LITR.MA.ZS","","","","","","","","","","","","","","","","","","","","","","","","","","","","","","","","","","","","","32.89534","","","","","","","42.90316","","","","","","","36.78979","","","","43.64009","","","","",
"Gambia, The","GMB","Literacy rate, adult male (% of males ages 15 and above)","SE.ADT.LITR.MA.ZS","","","","","","","","","","","","","","","","","","","","","","","","","","","","","","","","","","","","","","","","","48.98115","","","","","","","","","","","","","51.41804","","","","","",
"Guinea-Bissau","GNB","Literacy rate, adult male (% of males ages 15 and above)","SE.ADT.LITR.MA.ZS","","","","","","","","","","","","","","","","","","","","33.34895","","","","","","","","","","","","","","","","","","","","","57.61375","","","","","","","","","","","","","","62.15797","","","","",
"Equatorial Guinea","GNQ","Literacy rate, adult male (% of males ages 15 and above)","SE.ADT.LITR.MA.ZS","","","","","","","","","","","","","","","","","","","","","","","","","","","","","","","","","","","","","","","","","94.8426099999999","","","","","","","","","","","","","","97.29","","","","",
"Greece","GRC","Literacy rate, adult male (% of males ages 15 and above)","SE.ADT.LITR.MA.ZS","","","","","","","","","","","","","","","","","","","","","","96.0638","","","","","","","","","","96.03746","","","","","","","","","","97.81122","","","","95.4500599999999","","96.15757","","96.06622","","98.28216","","","","","","","",
"Grenada","GRD","Literacy rate, adult male (% of males ages 15 and above)","SE.ADT.LITR.MA.ZS","","","","","","","","","","","98.04716","","","","","","","","","","","","","","98.58","","","","","","","","","","98.58","","","","","","","","","","98.58","","","","","","","","","","98.58","","","","",
"Greenland","GRL","Literacy rate, adult male (% of males ages 15 and above)","SE.ADT.LITR.MA.ZS","","","","","","","","","","","","","","","","","","","","","","","","","","","","","","","","","","","","","","","","","","","","","","","","","","","","","","","","","","","",
"Guatemala","GTM","Literacy rate, adult male (% of males ages 15 and above)","SE.ADT.LITR.MA.ZS","","","","","","","","","","","","","","","","","","","","","","","","","","","","","","","","","","","71.70639","","","","","","","","75.41558","","","","","","","","","","84.84873","82.72068","86.7561599999999","","","","",
"Guam","GUM","Literacy rate, adult male (% of males ages 15 and above)","SE.ADT.LITR.MA.ZS","","","","","","","","","","","","","","","","","","","","","96.38266","","","","","","","","","","99.4171099999999","","","","","","","","","","","","","","","","","","","","","","","","","","","","",
"Guyana","GUY","Literacy rate, adult male (% of males ages 15 and above)","SE.ADT.LITR.MA.ZS","","","","","","","","","","","","","","","","","","","","","","","","","","","","","","","","","","","","","","","","","","","","","","","","","","82.43656","","","","","86.31438","","","","",
"High income","HIC","Literacy rate, adult male (% of males ages 15 and above)","SE.ADT.LITR.MA.ZS","","","","","","","","","","","","","","","","","","","","","","","","","","","","","","","","","","","","","","","","","","","","","","","","","","","","","","","","","","","",
"Hong Kong SAR, China","HKG","Literacy rate, adult male (% of males ages 15 and above)","SE.ADT.LITR.MA.ZS","","","","","","","","","","","","","","","","","","","","","","","","","","","","","","","","","","","","","","","","","","","","","","","","","","","","","","","","","","","",
"Honduras","HND","Literacy rate, adult male (% of males ages 15 and above)","SE.ADT.LITR.MA.ZS","","","","","","","","","","","","","","","","","","","","","","","","","","","","","","","","","","","","","","","","","","79.78523","","","","","","83.74603","","","84.78901","85.34128","85.6962","85.66837","87.39595","87.9220799999999","89.04894","","",
"Heavily indebted poor countries (HIPC)","HPC","Literacy rate, adult male (% of males ages 15 and above)","SE.ADT.LITR.MA.ZS","","","","","","","","","","","","","","","","","","","","","","","","","","","54.82135","55.38408","55.66421","56.22266","56.64628","56.77263","57.03201","57.34808","57.86259","57.61236","57.91616","58.55651","59.27664","60.03361","60.66391","61.25502","62.61013","63.17868","65.2118","64.00422","62.88338","63.86849","63.31291","64.09898","64.20828","65.79478","66.74401","67.05549","67.78649","68.07162","68.56768","","",
"Croatia","HRV","Literacy rate, adult male (% of males ages 15 and above)","SE.ADT.LITR.MA.ZS","","","","","","","","","","","","","","","","","","","","","","","","","","","","","","","","98.75706","","","","","","","","","","99.32059","","","","","","","","","","99.62971","","","","","","","",
"Haiti","HTI","Literacy rate, adult male (% of males ages 15 and above)","SE.ADT.LITR.MA.ZS","","","","","","","","","","","","","","","","","","","","","","","37.12974","","","","","","","","","","","","","","","","","","","","","63.09002","","","53.35505","","","","","","","","","","","","",
"Hungary","HUN","Literacy rate, adult male (% of males ages 15 and above)","SE.ADT.LITR.MA.ZS","","","","","","","","","","","","","","","","","","","","","99.30319","","","","","","","","","","","","","","","","","","","","","","","","","","","","","","","","","","99.16","","","","",
"IBRD only","IBD","Literacy rate, adult male (% of males ages 15 and above)","SE.ADT.LITR.MA.ZS","","","","","","","","","","","","","","","","73.14557","73.20607","73.45451","74.02095","74.57304","74.87459","75.47151","76.01003","76.68677","77.25868","77.77798","78.27319","78.943","80.72618","81.15046","81.20306","81.87533","82.39652","82.77381","83.13411","83.51223","83.87096","85.64557","87.29533","87.5463","87.90062","88.075","88.3688","88.91728","89.24159","89.49006","89.337","90.08799","90.34627","90.55191","90.7055","90.92747","91.17788","91.32902","91.57229","91.80015","91.98824","","",
"IDA & IBRD total","IBT","Literacy rate, adult male (% of males ages 15 and above)","SE.ADT.LITR.MA.ZS","","","","","","","","","","","","","","","","70.26027","70.33943","70.60042","71.11434","71.61282","71.90373","72.42896","72.93028","73.53157","74.04996","74.52324","74.97592","75.58798","77.18036","77.58717","77.68589","78.21639","78.82685","79.28102","79.65482","79.99196","80.34508","81.84664","83.37449","83.65711","83.83242","84.02247","84.41058","84.97776","85.46772","85.53182","85.4177","85.71124","86.06837","86.34352","86.46037","86.21467","87.22432","87.32387","87.57435","87.77054","87.94097","","",
"IDA total","IDA","Literacy rate, adult male (% of males ages 15 and above)","SE.ADT.LITR.MA.ZS","","","","","","","","","","","","","","","","","","","","58.21402","58.47538","58.66605","59.00833","59.29153","59.59955","59.90451","60.2028","60.60507","61.41408","61.83341","62.22606","62.27547","63.41704","64.34893","64.93632","65.26689","65.70766","66.22098","67.40788","67.9703","67.56632","67.94527","68.82283","69.57412","70.82185","70.29521","70.45307","69.14191","70.02247","70.71949","70.8777","69.12127","73.07355","73.18958","73.66764","73.95434","74.25909","","",
"IDA blend","IDB","Literacy rate, adult male (% of males ages 15 and above)","SE.ADT.LITR.MA.ZS","","","","","","","","","","","","","","","","","64.64374","64.996","65.29227","65.62543","65.78596","65.88347","66.22366","66.45936","66.67997","66.90283","67.23401","67.68575","68.11391","68.47461","68.87229","69.05507","71.25948","73.17094","73.68182","74.18356","74.7692","75.22507","75.91896","76.26146","74.43003","74.87972","75.25985","76.27736","77.21038","77.39425","78.70533","77.08137","76.75963","77.66111","77.74399","77.41155","78.53029","78.2912","78.61052","78.8325","79.18198","","",
"Indonesia","IDN","Literacy rate, adult male (% of males ages 15 and above)","SE.ADT.LITR.MA.ZS","","","","","","","","","","","","","","","","","","","","","77.4749999999999","","","","","","","","","","88.02452","","","","","","","","","","","","","","94.0350799999999","","95.15854","","95.38319","95.64701","","95.5910899999999","","","96.79101","97.10652","97.17444","","",
"IDA only","IDX","Literacy rate, adult male (% of males ages 15 and above)","SE.ADT.LITR.MA.ZS","","","","","","","","","","","","","","","","","","","","","","","54.19843","54.50945","54.87456","55.23446","55.50936","55.88005","56.94765","57.41427","57.80283","57.78482","58.25043","58.57008","59.23937","59.48809","59.85222","60.41697","61.93369","62.64954","63.17267","63.51649","64.72365","65.31856","66.77779","65.81332","65.25473","64.15226","65.79964","66.38262","66.60512","63.99434","69.72072","70.07626","70.67271","71.02026","71.32","","",
"Isle of Man","IMN","Literacy rate, adult male (% of males ages 15 and above)","SE.ADT.LITR.MA.ZS","","","","","","","","","","","","","","","","","","","","","","","","","","","","","","","","","","","","","","","","","","","","","","","","","","","","","","","","","","","",
"India","IND","Literacy rate, adult male (% of males ages 15 and above)","SE.ADT.LITR.MA.ZS","","","","","","","","","","","","","","","","","","","","","","54.84102","","","","","","","","","","61.64192","","","","","","","","","","73.41186","","","","","75.1919","","","","","78.87723","","","","","","","",
"Not classified","INX","Literacy rate, adult male (% of males ages 15 and above)","SE.ADT.LITR.MA.ZS","","","","","","","","","","","","","","","","","","","","","","","","","","","","","","","","","","","","","","","","","","","","","","","","","","","","","","","","","","","",
"Ireland","IRL","Literacy rate, adult male (% of males ages 15 and above)","SE.ADT.LITR.MA.ZS","","","","","","","","","","","","","","","","","","","","","","","","","","","","","","","","","","","","","","","","","","","","","","","","","","","","","","","","","","","",
"Iran, Islamic Rep.","IRN","Literacy rate, adult male (% of males ages 15 and above)","SE.ADT.LITR.MA.ZS","","","","","","","","","","","","","","","","","48.18333","","","","","","","","","","63.09955","","","","","74.27448","","","","","79.87161","","","","","","83.5","","","88.0103199999999","87.27219","","88.17703","","","","88.87982","89.54248","89.63542","","90.35241","","",
"Iraq","IRQ","Literacy rate, adult male (% of males ages 15 and above)","SE.ADT.LITR.MA.ZS","","","","","","","","","","","","","","","","","","","","","","","","","","","","","","","","","","","","","","","","","84.08741","","","","","","","","","","","","","53.00728","","","","","",
"Iceland","ISL","Literacy rate, adult male (% of males ages 15 and above)","SE.ADT.LITR.MA.ZS","","","","","","","","","","","","","","","","","","","","","","","","","","","","","","","","","","","","","","","","","","","","","","","","","","","","","","","","","","","",
"Israel","ISR","Literacy rate, adult male (% of males ages 15 and above)","SE.ADT.LITR.MA.ZS","","","","","","","","","","","","","","","","","","","","","","","","94.9633999999999","","","","","","","","","","","","","","","","","","","","","","","","","","","","","","","","","","","",
"Italy","ITA","Literacy rate, adult male (% of males ages 15 and above)","SE.ADT.LITR.MA.ZS","","","","","","","","","","","","","","","","","","","","","","97.46465","","","","","","","","","","","","","","","","","","","","98.82369","","","","","","","","","","99.1410099999999","","","","","","","",
"Jamaica","JAM","Literacy rate, adult male (% of males ages 15 and above)","SE.ADT.LITR.MA.ZS","","","","","","","","","","","","","","","","","","","","","","","","","","","","","","","","","","","","","","","","74.08184","","","","","","","","","","","","","","","83.44","","","","",
"Jordan","JOR","Literacy rate, adult male (% of males ages 15 and above)","SE.ADT.LITR.MA.ZS","","","","","","","","","","","","","","","","","","","","80.4826099999999","","","","","","","","","","","","","","","","","","","","","","","","95.0845","","95.17645","","95.49455","","","95.76724","97.74836","98.44456","","","","","","",
"Japan","JPN","Literacy rate, adult male (% of males ages 15 and above)","SE.ADT.LITR.MA.ZS","","","","","","","","","","","","","","","","","","","","","","","","","","","","","","","","","","","","","","","","","","","","","","","","","","","","","","","","","","","",
"Kazakhstan","KAZ","Literacy rate, adult male (% of males ages 15 and above)","SE.ADT.LITR.MA.ZS","","","","","","","","","","","","","","","","","","","","","","","","","","","","","","99.07195","","","","","","","","","","99.7633","","","","","","","","","","99.78625","99.82968","","","","","","","","",
"Kenya","KEN","Literacy rate, adult male (% of males ages 15 and above)","SE.ADT.LITR.MA.ZS","","","","","","","","","","","","","","","","","","","","","","","","","","","","","","","","","","","","","","","","","87.49466","","","","","","","78.07915","","","","","","","83.77803","","","","",
"Kyrgyz Republic","KGZ","Literacy rate, adult male (% of males ages 15 and above)","SE.ADT.LITR.MA.ZS","","","","","","","","","","","","","","","","","","","","","","","","","","","","","","","","","","","","","","","","99.30671","","","","","","","","","","99.51879","","","","","","","","","",
"Cambodia","KHM","Literacy rate, adult male (% of males ages 15 and above)","SE.ADT.LITR.MA.ZS","","","","","","","","","","","","","","","","","","","","","","","","","","","","","","","","","","","","","","","79.48218","","","","","","84.68001","","","","85.0826699999999","82.7523999999999","","","","","84.81415","86.5324399999999","","","",
"Kiribati","KIR","Literacy rate, adult male (% of males ages 15 and above)","SE.ADT.LITR.MA.ZS","","","","","","","","","","","","","","","","","","","","","","","","","","","","","","","","","","","","","","","","","","","","","","","","","","","","","","","","","","","",
"St. Kitts and Nevis","KNA","Literacy rate, adult male (% of males ages 15 and above)","SE.ADT.LITR.MA.ZS","","","","","","","","","","","","","","","","","","","","","","","","","","","","","","","","","","","","","","","","","","","","","","","","","","","","","","","","","","","",
"Korea, Rep.","KOR","Literacy rate, adult male (% of males ages 15 and above)","SE.ADT.LITR.MA.ZS","","","","","","","","","","","","","","","","","","","","","","","","","","","","","","","","","","","","","","","","","","","","","","","","","","","","","","","","","","","",
"Kuwait","KWT","Literacy rate, adult male (% of males ages 15 and above)","SE.ADT.LITR.MA.ZS","","","","","","","","","","","","","","","","68.02863","","","","","72.78765","","","","","78.1973","","","","","","","","","","81.1209499999999","","","","","","","","","","94.44604","94.52522","94.79458","95.01588","","95.54531","","95.83972","96.35419","","96.39225","","96.69714","",
"Latin America & Caribbean (excluding high income)","LAC","Literacy rate, adult male (% of males ages 15 and above)","SE.ADT.LITR.MA.ZS","","","","","","","","","","","","","","","81.23804","81.23376","81.48604","81.78953","82.09728","82.36363","82.47443","82.85508","83.10781","83.38965","83.64485","83.89241","84.1343","84.44313","84.83331","85.1345","85.32795","85.9554","86.5657","87.18052","87.80128","88.41704","88.66981","88.96777","89.37385","89.62215","89.68697","89.95758","89.96566","90.7647","90.60215","91.09289","91.11976","91.43409","91.74401","91.97715","91.97893","92.61239","92.77229","92.81084","93.20933","93.59306","93.87516","","",
"Lao PDR","LAO","Literacy rate, adult male (% of males ages 15 and above)","SE.ADT.LITR.MA.ZS","","","","","","","","","","","","","","","","","","","","","","","","","","","","","","","","","","","","73.48625","","","","","81.36018","77.00606","","","","82.45175","","","","","","67.35858","","","","89.96128","","","",
"Lebanon","LBN","Literacy rate, adult male (% of males ages 15 and above)","SE.ADT.LITR.MA.ZS","","","","","","","","","","","","","","","","","","","","","","","","","","","","","","","","","","","","","","","","","","","","","","","","93.37894","","94.27195","","","","","","","","","",
"Liberia","LBR","Literacy rate, adult male (% of males ages 15 and above)","SE.ADT.LITR.MA.ZS","","","","","","","","","","","","","","","","","","","","","","","","","44.87932","","","","","","","","","","","","","","","","","","","","","","","60.77481","","","","","","","","","","","",
"Libya","LBY","Literacy rate, adult male (% of males ages 15 and above)","SE.ADT.LITR.MA.ZS","","","","","","","","","","","","","","","","","","","","","","","","","76.99263","","","","","","","","","","87.72","","","","","","","","","","93.8499999999999","","","","","","","","","","","","","","",
"St. Lucia","LCA","Literacy rate, adult male (% of males ages 15 and above)","SE.ADT.LITR.MA.ZS","","","","","","","","","","","","","","","","","","","","","","","","","","","","","","","","","","","","","","","","","","","","","","","","","","","","","","","","","","","",
"Latin America & Caribbean","LCN","Literacy rate, adult male (% of males ages 15 and above)","SE.ADT.LITR.MA.ZS","","","","","","","","","","","","","","","81.81989","81.8122","82.04955","82.33461","82.63425","82.89441","83.00447","83.37501","83.61856","83.89079","84.13914","84.37973","84.61445","84.90968","85.28275","85.60863","85.79956","86.39742","86.97867","87.56436","88.15678","88.74469","88.98828","89.27517","89.6644","89.89471","89.96065","90.22202","90.23348","90.99017","90.8408","91.31241","91.3514","91.71827","92.01898","92.24266","92.21452","92.79688","92.95767","92.97227","93.36097","93.73146","94.00368","","",
"Least developed countries: UN classification","LDC","Literacy rate, adult male (% of males ages 15 and above)","SE.ADT.LITR.MA.ZS","","","","","","","","","","","","","","","","","","","","","","51.88194","52.24582","52.58317","52.95865","53.32404","53.58743","53.95542","55.05358","55.58121","55.97194","55.92072","56.41133","56.7404","57.46067","58.01496","58.35968","58.92567","60.51033","61.29823","61.46601","61.73533","63.02506","63.6412","65.22828","64.64389","63.9701","62.56033","64.29725","65.24535","65.39659","62.4382","68.62739","68.98847","69.66906","70.01257","70.31195","","",
"Low income","LIC","Literacy rate, adult male (% of males ages 15 and above)","SE.ADT.LITR.MA.ZS","","","","","","","","","","","","","","","","","","","","","","","","","","54.09036","54.50948","55.12061","55.89743","56.52401","56.96154","57.03209","57.41972","57.67774","58.19991","58.38724","58.61256","59.20513","59.83008","60.28514","60.3335","60.62071","61.95553","62.41863","64.52388","63.22988","63.2455","63.98135","63.31602","64.55234","64.41153","65.89845","66.89053","67.13746","67.94153","68.16726","68.61602","","",
"Liechtenstein","LIE","Literacy rate, adult male (% of males ages 15 and above)","SE.ADT.LITR.MA.ZS","","","","","","","","","","","","","","","","","","","","","","","","","","","","","","","","","","","","","","","","","","","","","","","","","","","","","","","","","","","",
"Sri Lanka","LKA","Literacy rate, adult male (% of males ages 15 and above)","SE.ADT.LITR.MA.ZS","","","","","","","","","","","","","","","","","","","","","","91.3484","","","","","","","","","","","","","","","","","","","","92.2702","","","","","92.71365","","92.24393","","92.57847","","","","","","93.45589","92.9805499999999","",
"Lower middle income","LMC","Literacy rate, adult male (% of males ages 15 and above)","SE.ADT.LITR.MA.ZS","","","","","","","","","","","","","","","","61.06534","61.16721","61.62207","62.06052","62.48553","62.42481","62.88092","63.63748","63.95614","64.35883","64.76439","65.1888","65.97245","66.93902","67.43278","67.89049","68.1066","69.1844","69.94081","70.49092","71.01003","71.57621","72.08142","75.3746","75.84758","76.01345","76.333","77.004","77.82165","78.37285","78.54821","78.27702","78.34318","79.18634","79.74535","80.14286","79.28237","81.40402","81.68749","82.1138","82.49906","82.82063","","",
"Low & middle income","LMY","Literacy rate, adult male (% of males ages 15 and above)","SE.ADT.LITR.MA.ZS","","","","","","","","","","","","","","","","69.97244","70.05868","70.32915","70.85461","71.36458","71.66498","72.2034","72.7167","73.33008","73.85966","74.34391","74.80609","75.4293","77.03989","77.45098","77.55132","78.08826","78.70495","79.16371","79.54117","79.88158","80.23808","81.74969","83.28804","83.57401","83.75107","83.94294","84.33527","84.90732","85.40078","85.46604","85.35124","85.64086","85.9993","86.27795","86.39964","86.15664","87.17219","87.27565","87.52762","87.72555","87.89756","","",
"Lesotho","LSO","Literacy rate, adult male (% of males ages 15 and above)","SE.ADT.LITR.MA.ZS","","","","","","","","","","","","","","","","","","","","","","","","","","","","","","","","","","","","","","","","","79.99578","","","","","","","","","65.52196","","","","","67.74747","","","","",
"Late-demographic dividend","LTE","Literacy rate, adult male (% of males ages 15 and above)","SE.ADT.LITR.MA.ZS","","","","","","","","","","","","","","","","","80.85377","80.85794","81.44693","82.0319","82.57326","83.14703","83.40146","84.23569","84.76125","85.26983","85.77493","86.24038","88.58367","88.90687","88.50232","89.53062","89.82001","90.10094","90.36376","90.64832","90.92738","93.73949","93.93656","94.12221","94.3752","94.51896","94.71555","94.98441","95.24778","95.46094","95.59251","96.17421","96.3082","96.45052","96.44185","96.78216","96.91039","96.96269","97.03717","97.17549","97.26809","","",
"Lithuania","LTU","Literacy rate, adult male (% of males ages 15 and above)","SE.ADT.LITR.MA.ZS","","","","","","","","","","","","","","","","","","","","","","","","","","","","","","99.20681","","","","","","","","","","","","99.64315","","","","","","","","","","99.79419","","","","","","","",
"Luxembourg","LUX","Literacy rate, adult male (% of males ages 15 and above)","SE.ADT.LITR.MA.ZS","","","","","","","","","","","","","","","","","","","","","","","","","","","","","","","","","","","","","","","","","","","","","","","","","","","","","","","","","","","",
"Latvia","LVA","Literacy rate, adult male (% of males ages 15 and above)","SE.ADT.LITR.MA.ZS","","","","","","","","","","","","","","","","","","","","","","","","","","","","","","99.75433","","","","","","","","","","","99.79334","","","","","","","","","","","99.8811","","","","","","","",
"Macao SAR, China","MAC","Literacy rate, adult male (% of males ages 15 and above)","SE.ADT.LITR.MA.ZS","","","","","","","","","","","","","","","","","","","","","","92.80968","","","","","","","","","","","","","","","","","","","","95.27621","","","","","96.46999","","","","","97.75129","","","","","98.18592","","",
"St. Martin (French part)","MAF","Literacy rate, adult male (% of males ages 15 and above)","SE.ADT.LITR.MA.ZS","","","","","","","","","","","","","","","","","","","","","","","","","","","","","","","","","","","","","","","","","","","","","","","","","","","","","","","","","","","",
"Morocco","MAR","Literacy rate, adult male (% of males ages 15 and above)","SE.ADT.LITR.MA.ZS","","","","","","","","","","","","","","","","","","","","","","","43.71439","","","","","","","","","","","","55.15517","","","","","","","","","","65.70676","","","","68.36586","68.91762","","76.07358","80.38336","","","","","","",
"Monaco","MCO","Literacy rate, adult male (% of males ages 15 and above)","SE.ADT.LITR.MA.ZS","","","","","","","","","","","","","","","","","","","","","","","","","","","","","","","","","","","","","","","","","","","","","","","","","","","","","","","","","","","",
"Moldova","MDA","Literacy rate, adult male (% of males ages 15 and above)","SE.ADT.LITR.MA.ZS","","","","","","","","","","","","","","","","","","","","","","","","","","","","","","98.61405","","","","","","","","","","","97.97762","","","","","","","","","","","","99.3735899999999","","","","","","",
"Madagascar","MDG","Literacy rate, adult male (% of males ages 15 and above)","SE.ADT.LITR.MA.ZS","","","","","","","","","","","","","","","","","","","","","","","","","","","","","","","","","","","","","","","","","76.53832","","","","","","","","","67.41731","","","75.02887","","","","","","",
"Maldives","MDV","Literacy rate, adult male (% of males ages 15 and above)","SE.ADT.LITR.MA.ZS","","","","","","","","","","","","","","","","","","82.40485","","","","","","","","92.1140099999999","","","","","95.89713","","","","","96.21227","","","","","","","","","","","98.36569","","","","","","","","98.52034","","","","",
"Middle East & North Africa","MEA","Literacy rate, adult male (% of males ages 15 and above)","SE.ADT.LITR.MA.ZS","","","","","","","","","","","","","","56.92514","57.39328","57.88595","58.13945","58.91628","59.53151","60.15128","60.83993","61.49107","62.1532","62.55605","63.38121","64.26859","65.06845","65.78013","66.751","67.61","69.70118","70.62278","71.46211","72.60458","73.2277","74.31807","75.21122","76.09548","77.09241","77.89807","78.60643","79.55561","79.89984","83.21965","83.76425","84.03289","82.36864","82.98722","83.41441","83.03248","83.54239","84.19503","84.76073","85.13708","85.42232","85.90323","86.16719","","",
"Mexico","MEX","Literacy rate, adult male (% of males ages 15 and above)","SE.ADT.LITR.MA.ZS","","","","","","","","","","","","","","","","","","","","","86.24265","","","","","","","","","","90.3473999999999","","","","","","","","","","92.55937","","91.9978","","92.44961","93.19041","93.9012","94.4415099999999","94.59216","94.9165699999999","94.38394","94.78277","95.39163","95.11211","95.62047","95.54933","95.84482","","",
"Marshall Islands","MHL","Literacy rate, adult male (% of males ages 15 and above)","SE.ADT.LITR.MA.ZS","","","","","","","","","","","","","","","","","","","","","","","","","","","","","","","","","","","","","","","","","","","","","","","","","","","","98.32509","","","","","","","",
"Middle income","MIC","Literacy rate, adult male (% of males ages 15 and above)","SE.ADT.LITR.MA.ZS","","","","","","","","","","","","","","","","71.36052","71.42808","71.68755","72.21897","72.73959","73.02074","73.55668","74.06432","74.67998","75.20507","75.68299","76.14584","76.77018","78.43871","78.84067","78.92195","79.50053","80.14432","80.62959","81.01133","81.37769","81.75154","83.33861","84.95446","85.24168","85.44129","85.63968","85.97738","86.57236","86.96146","87.14582","87.03913","87.31357","87.77285","88.00007","88.16921","87.81343","88.86035","88.9834","89.22049","89.44856","89.62819","","",
"North Macedonia","MKD","Literacy rate, adult male (% of males ages 15 and above)","SE.ADT.LITR.MA.ZS","","","","","","","","","","","","","","","","","","","","","","","","","","","","","","","","","","","97.23235","","","","","","","","98.21278","","","","","","","","","","","","","","","","",
"Mali","MLI","Literacy rate, adult male (% of males ages 15 and above)","SE.ADT.LITR.MA.ZS","","","","","","","","","","","","","","","","","13.51292","","","","","","","","","","","","","","","","","","","","","","26.73297","","","","","32.7","","","34.85789","","","","43.40063","43.27392","","","","45.06592","","","",
"Malta","MLT","Literacy rate, adult male (% of males ages 15 and above)","SE.ADT.LITR.MA.ZS","","","","","","","","","","","","","","","","","","","","","","","","","","86.55354","","","","","","","","","","86.43028","","","","","","","","","","91.18658","","","","","","91.79265","","","","","","","",
"Myanmar","MMR","Literacy rate, adult male (% of males ages 15 and above)","SE.ADT.LITR.MA.ZS","","","","","","","","","","","","","","","","","","","","","","","","85.78836","","","","","","","","","","","","","","","","","93.92426","","","","","","","","","","","","","","","","80.01159","","",
"Middle East & North Africa (excluding high income)","MNA","Literacy rate, adult male (% of males ages 15 and above)","SE.ADT.LITR.MA.ZS","","","","","","","","","","","","53.6417","54.11276","54.58375","55.05153","55.55068","55.76731","56.56742","57.1932","57.82551","58.54459","59.21113","59.80371","60.2022","61.05655","62.01459","62.87681","63.64216","64.6181","65.47651","67.76341","68.70348","69.6602","70.84915","71.48156","72.65972","73.57716","74.48557","75.44725","76.27662","77.04488","77.99455","78.2132","82.21813","82.76783","82.97904","80.87986","81.45655","81.79487","81.19811","81.68323","81.83056","82.4351","82.7646","83.04484","83.56031","83.8561","","",
"Montenegro","MNE","Literacy rate, adult male (% of males ages 15 and above)","SE.ADT.LITR.MA.ZS","","","","","","","","","","","","","","","","","","","","","","96.32053","","","","","","","","","","89.28209","","","","","","","","","","","","99.30319","","","","","","","","99.4312099999999","","","","","","","",
"Mongolia","MNG","Literacy rate, adult male (% of males ages 15 and above)","SE.ADT.LITR.MA.ZS","","","","","","","","","","","","","","","","","","","","","","","","","","","","","","","","","","","","","","","","","98.01678","","","","","","","","","","98.1747","","","","","","","","",
"Northern Mariana Islands","MNP","Literacy rate, adult male (% of males ages 15 and above)","SE.ADT.LITR.MA.ZS","","","","","","","","","","","","","","","","","","","","","","","","","","","","","","","","","","","","","","","","","","","","","","","","","","","","","","","","","","","",
"Mozambique","MOZ","Literacy rate, adult male (% of males ages 15 and above)","SE.ADT.LITR.MA.ZS","","","","","","","","","","","","","","","","","","","","","43.77833","","","","","","","","","","","","","","","","","54.81888","","","","","","65.5771","","","","","","67.3546999999999","","","","","","70.75839","","","",
"Mauritania","MRT","Literacy rate, adult male (% of males ages 15 and above)","SE.ADT.LITR.MA.ZS","","","","","","","","","","","","","","","","","","","","","","","","","","","","","","","","","","","","","","","","","59.54033","","","","","","","57.40438","","","","","","","","","","","",
"Mauritius","MUS","Literacy rate, adult male (% of males ages 15 and above)","SE.ADT.LITR.MA.ZS","","","","","","","","","","","","","","","","","","","","","","","","","","","","","","","85.14575","","","","","","","","","","88.22786","","","","","","","","","","","91.95172","94.65241","94.03689","94.7653799999999","94.86117","95.43586","","",
"Malawi","MWI","Literacy rate, adult male (% of males ages 15 and above)","SE.ADT.LITR.MA.ZS","","","","","","","","","","","","","","","","","","","","","","","","","","","","65.2795","","","","","","","","","","","74.92641","","","","","","","","","","","","72.09765","","","","75.97926","69.75397","","","",
"Malaysia","MYS","Literacy rate, adult male (% of males ages 15 and above)","SE.ADT.LITR.MA.ZS","","","","","","","","","","","","","","","","","","","","","78.14633","","","","","","","","","","","88.56299","","","","","","","","","","92.7388299999999","","","","","","","","","","","","","","","","","",
"North America","NAC","Literacy rate, adult male (% of males ages 15 and above)","SE.ADT.LITR.MA.ZS","","","","","","","","","","","","","","","","","","","","","","","","","","","","","","","","","","","","","","","","","","","","","","","","","","","","","","","","","","","",
"Namibia","NAM","Literacy rate, adult male (% of males ages 15 and above)","SE.ADT.LITR.MA.ZS","","","","","","","","","","","","","","","","","","","","","","","","","","","","","","","","77.80812","","","","","","","","","","86.55523","","","","","","74.32835","","","","88.63123","","","","","","","",
"New Caledonia","NCL","Literacy rate, adult male (% of males ages 15 and above)","SE.ADT.LITR.MA.ZS","","","","","","","","","","","","","","","","","92.19094","","","","","","","","","","","","","94.04419","","","","","","","96.78477","","","","","","","","","","","","","","","","","","98.14","","","","",
"Niger","NER","Literacy rate, adult male (% of males ages 15 and above)","SE.ADT.LITR.MA.ZS","","","","","","","","","","","","","","","","","","","","","","","","","","","","","","","","","","","","","","","","","","19.64006","","","","42.92737","","","","","","","39.05869","","","","","","",
"Nigeria","NGA","Literacy rate, adult male (% of males ages 15 and above)","SE.ADT.LITR.MA.ZS","","","","","","","","","","","","","","","","","","","","","","","","","","","","","","","","67.65374","","","","","","","","","","","","66.76743","","","","","61.25405","","","","","","","","","","",
"Nicaragua","NIC","Literacy rate, adult male (% of males ages 15 and above)","SE.ADT.LITR.MA.ZS","","","","","","","","","","","","","","","","","","","","","","","","","","","","","","","","","","","","","","","","","","76.76049","","","","78.09643","","","","","","","","","","","","","",
"Netherlands","NLD","Literacy rate, adult male (% of males ages 15 and above)","SE.ADT.LITR.MA.ZS","","","","","","","","","","","","","","","","","","","","","","","","","","","","","","","","","","","","","","","","","","","","","","","","","","","","","","","","","","","",
"Norway","NOR","Literacy rate, adult male (% of males ages 15 and above)","SE.ADT.LITR.MA.ZS","","","","","","","","","","","","","","","","","","","","","","","","","","","","","","","","","","","","","","","","","","","","","","","","","","","","","","","","","","","",
"Nepal","NPL","Literacy rate, adult male (% of males ages 15 and above)","SE.ADT.LITR.MA.ZS","","","","","","","","","","","","","","","","","","","","","","31.67275","","","","","","","","","","49.22002","","","","","","","","","","62.70801","","","","","","","","","","71.70838","","","","","","","",
"Nauru","NRU","Literacy rate, adult male (% of males ages 15 and above)","SE.ADT.LITR.MA.ZS","","","","","","","","","","","","","","","","","","","","","","","","","","","","","","","","","","","","","","","","","","","","","","","","","","","","","","","","","","","",
"New Zealand","NZL","Literacy rate, adult male (% of males ages 15 and above)","SE.ADT.LITR.MA.ZS","","","","","","","","","","","","","","","","","","","","","","","","","","","","","","","","","","","","","","","","","","","","","","","","","","","","","","","","","","","",
"OECD members","OED","Literacy rate, adult male (% of males ages 15 and above)","SE.ADT.LITR.MA.ZS","","","","","","","","","","","","","","","","","","","","","","","","","","","","","","","","","","","","","","","","","","","","","","","","","","","","","","","","","","","",
"Oman","OMN","Literacy rate, adult male (% of males ages 15 and above)","SE.ADT.LITR.MA.ZS","","","","","","","","","","","","","","","","","","","","","","","","","","","","","","","","","","","","","","","","","","","","86.86234","","","","","89.99932","","90.24303","","","","94.99074","96.63287","96.63083","97.36553","",
"Other small states","OSS","Literacy rate, adult male (% of males ages 15 and above)","SE.ADT.LITR.MA.ZS","","","","","","","","","","","","","","","","","","","","","","","","75.12067","75.3046","75.46868","75.68096","76.00025","76.0409","76.45912","76.81727","77.09095","77.5743","78.04293","78.24491","78.59559","79.16604","79.67777","80.53204","80.98119","81.21358","81.89249","82.54983","83.04297","83.38147","83.83045","83.12021","82.29422","83.42676","82.99718","84.00754","84.38786","84.76209","85.16873","85.32737","85.67309","85.78945","","",
"Pakistan","PAK","Literacy rate, adult male (% of males ages 15 and above)","SE.ADT.LITR.MA.ZS","","","","","","","","","","","","","","","","","","","","","","35.38065","","","","","","","","","","","","","","","","","55.29661","","","","","","","64.06048","67.65184","","68.8661","68.6276199999999","68.90061","66.99114","69.85822","68.62934","69.06681","","","","",
"Panama","PAN","Literacy rate, adult male (% of males ages 15 and above)","SE.ADT.LITR.MA.ZS","","","","","","","","","","","","","","","","","","","","","88.09652","","","","","","","","","","89.33696","","","","","","","","","","92.5479299999999","","","","","","","","","","94.70741","","","","","","","","",
"Peru","PER","Literacy rate, adult male (% of males ages 15 and above)","SE.ADT.LITR.MA.ZS","","","","","","","","","","","","","","","","","","","","","","90.14353","","","","","","","","","","","","92.85101","","","","","","","","","","","93.4607","93.71831","94.22582","94.85703","","","","","96.95013","","96.94898","97.10638","97.18846","","",
"Philippines","PHL","Literacy rate, adult male (% of males ages 15 and above)","SE.ADT.LITR.MA.ZS","","","","","","","","","","","","","","","","","","","","","83.88929","","","","","","","","","","93.97169","","","","93.30286","","","","","","92.545","","","91.63449","","","","","95.01213","","","","","96.00834","","","","","",
"Palau","PLW","Literacy rate, adult male (% of males ages 15 and above)","SE.ADT.LITR.MA.ZS","","","","","","","","","","","","","","","","","","","","","93.28738","","","","","","","","","","","","","","","","","","","","","","","","","","","","","","","","","99.4672099999999","","96.8127499999999","","","",
"Papua New Guinea","PNG","Literacy rate, adult male (% of males ages 15 and above)","SE.ADT.LITR.MA.ZS","","","","","","","","","","","","","","","","","","","","","","","","","","","","","","","","","","","","","","","","","63.44522","","","","","","","","","","65.29","","","","","","","","",
"Poland","POL","Literacy rate, adult male (% of males ages 15 and above)","SE.ADT.LITR.MA.ZS","","","","","","","","","","","","","","","","","","","99.27517","","","","","","","","","","99.27517","","","","","","","","","","99.27517","","","","","","","","","","99.27517","","","","","","","","","","",
"Pre-demographic dividend","PRE","Literacy rate, adult male (% of males ages 15 and above)","SE.ADT.LITR.MA.ZS","","","","","","","","","","","","","","","","","","","","","","","","","","","61.31541","62.00527","62.4745","63.14249","63.64899","63.70001","64.27574","64.70485","65.13388","65.24325","65.6886","66.40674","67.08125","67.90235","66.65674","67.398","67.89625","67.86568","69.2147","68.5822","67.65672","66.0051","65.00284","64.87257","65.01272","66.28865","67.33392","67.56871","68.26436","68.58548","69.04109","","",
"Puerto Rico","PRI","Literacy rate, adult male (% of males ages 15 and above)","SE.ADT.LITR.MA.ZS","","","","","","","","","","","","","","","","","","","","","87.74803","","","","","","","","","","89.50269","","","","","","","","","","","","","","","","","","","","91.33078","","","","","","","","",
"Korea, Dem. People’s Rep.","PRK","Literacy rate, adult male (% of males ages 15 and above)","SE.ADT.LITR.MA.ZS","","","","","","","","","","","","","","","","","","","","","","","","","","","","","","","","","","","","","","","","","","","","","","","","","99.99888","","","","","","","","","","",
"Portugal","PRT","Literacy rate, adult male (% of males ages 15 and above)","SE.ADT.LITR.MA.ZS","","","","","","","","","","","","","","","","","","","","","","84.83334","","","","","","","","","","91.5870599999999","","","","","","","","","","","","","","","","","","","","96.28558","","","","","","","",
"Paraguay","PRY","Literacy rate, adult male (% of males ages 15 and above)","SE.ADT.LITR.MA.ZS","","","","","","","","","","","","","","","","","","","","","","","81.08307","","","","","","","","","","92.00015","","","","","","","","","","","","","","","95.71238","94.12632","94.36773","94.8131499999999","","94.81725","95.66619","95.54606","96.2543","95.47606","","",
"West Bank and Gaza","PSE","Literacy rate, adult male (% of males ages 15 and above)","SE.ADT.LITR.MA.ZS","","","","","","","","","","","","","","","","","","","","","","","","","","","","","","","","","","","","","","92.24351","","","","","","","96.54279","","97.07989","97.23721","94.88419","97.43125","97.62902","97.857","98.1918","98.39109","98.40231","98.4809","98.60784","","",
"Pacific island small states","PSS","Literacy rate, adult male (% of males ages 15 and above)","SE.ADT.LITR.MA.ZS","","","","","","","","","","","","","","","","","","","","","","","","","","","","","","","","","","","","","","","","","","","","","","","","","","","","","","","","","","","",
"Post-demographic dividend","PST","Literacy rate, adult male (% of males ages 15 and above)","SE.ADT.LITR.MA.ZS","","","","","","","","","","","","","","","","","","","","","","","","","","","","","","","","","","","","","","","","","","","","","","","","","","","","","","","","","","","",
"French Polynesia","PYF","Literacy rate, adult male (% of males ages 15 and above)","SE.ADT.LITR.MA.ZS","","","","","","","","","","","","","","","","","","","","","","","","","","","","","","","","","","","","","","","","","","","","","","","","","","","","","","","","","","","",
"Qatar","QAT","Literacy rate, adult male (% of males ages 15 and above)","SE.ADT.LITR.MA.ZS","","","","","","","","","","","","","","","","","","","","","","","","","","","76.79583","","","","","","","","","","","84.24456","","","","","","","89.10427","","","","","","","","","","","","","","",
"Romania","ROU","Literacy rate, adult male (% of males ages 15 and above)","SE.ADT.LITR.MA.ZS","","","","","","","","","","","","","","","","","","","","","","","","","","","","","","","","","98.53202","","","","","","","","","","98.4044","","","","","","","","","99.03429","","","","","","","",
"Russian Federation","RUS","Literacy rate, adult male (% of males ages 15 and above)","SE.ADT.LITR.MA.ZS","","","","","","","","","","","","","","","","","","","","","","","","","","","","","","99.4562399999999","","","","","","","","","","","","","99.69408","","","","","","","","99.7283099999999","","","","","","","","",
"Rwanda","RWA","Literacy rate, adult male (% of males ages 15 and above)","SE.ADT.LITR.MA.ZS","","","","","","","","","","","","","","","","","","","50.82326","","","","","","","","","","","","","","","","","","","","","","71.41938","","","","","","","","","","71.13054","","72.4451799999999","","76.14973","","","","",
"South Asia","SAS","Literacy rate, adult male (% of males ages 15 and above)","SE.ADT.LITR.MA.ZS","","","","","","","","","","","","","","","","49.91473","49.93107","50.51915","51.0788","51.5882","52.10586","51.97032","53.10013","53.62144","54.13225","54.63541","55.12143","55.60288","57.06626","57.67726","58.25473","58.32356","59.84322","60.8845","61.51701","62.15671","62.79161","63.42505","68.59303","69.1217","69.66033","69.85132","70.70478","71.61217","72.14416","72.50458","72.57479","73.13418","74.58847","75.11146","75.55273","74.47033","77.60621","77.94999","78.45169","78.92654","79.36755","","",
"Saudi Arabia","SAU","Literacy rate, adult male (% of males ages 15 and above)","SE.ADT.LITR.MA.ZS","","","","","","","","","","","","","","","","","","","","","","","","","","","","","","","","","79.96853","","","","","","","","87.06077","","","","87.53204","","","","","","","","","96.53143","","","","","",
"Sudan","SDN","Literacy rate, adult male (% of males ages 15 and above)","SE.ADT.LITR.MA.ZS","","","","","","","","","","","","","","","","","","","","","","","","","","","","","","","","","","","","","","","","","71.58102","","","","","","","","59.79825","","","","","","","","","","",
"Senegal","SEN","Literacy rate, adult male (% of males ages 15 and above)","SE.ADT.LITR.MA.ZS","","","","","","","","","","","","","","","","","","","","","","","","","","","","","36.90288","","","","","","","","","","","","","","51.05153","","","","52.25848","","","61.80952","","66.34154","","52.80447","","","","64.81228","",
"Singapore","SGP","Literacy rate, adult male (% of males ages 15 and above)","SE.ADT.LITR.MA.ZS","","","","","","","","","","","","","","","","","","","","","91.56623","","","","","","","","","","95.09316","","","","","","","","","","96.5651","","","","","","","","","","98.0371399999999","98.39284","98.46946","98.54254","98.6089499999999","98.5595699999999","98.73453","","",
"Solomon Islands","SLB","Literacy rate, adult male (% of males ages 15 and above)","SE.ADT.LITR.MA.ZS","","","","","","","","","","","","","","","","","","","","","","","","","","","","","","","","","","","","","","","","83.7","","","","","","","","","","","","","","","","","","","",
"Sierra Leone","SLE","Literacy rate, adult male (% of males ages 15 and above)","SE.ADT.LITR.MA.ZS","","","","","","","","","","","","","","","","","","","","","","","","","","","","","","","","","","","","","","","","","","","","","46.65429","","","","","","","","","41.33217","","","","","",
"El Salvador","SLV","Literacy rate, adult male (% of males ages 15 and above)","SE.ADT.LITR.MA.ZS","","","","","","","","","","","","","","","","","","","","","","","","","","","","","","","","","77.37241","","","","","","","","","","","","","","86.69534","84.86407","87.05468","86.82521","87.0997","88.39165","","89.23501","","90.00994","90.29927","","",
"San Marino","SMR","Literacy rate, adult male (% of males ages 15 and above)","SE.ADT.LITR.MA.ZS","","","","","","","","","","","","","","","","","","","","","","","","","","","","","","","","","","","","","","","","","","","","","","","","","","","","","","","","","","","",
"Somalia","SOM","Literacy rate, adult male (% of males ages 15 and above)","SE.ADT.LITR.MA.ZS","","","","","","","","","","","","","","","","","","","","","","","","","","","","","","","","","","","","","","","","","","","","","","","","","","","","","","","","","","","",
"Serbia","SRB","Literacy rate, adult male (% of males ages 15 and above)","SE.ADT.LITR.MA.ZS","","","","","","","","","","","","","","","","","","","","","","","","","","","","","","","","","","","","","","","","","","","","","","","","","","","","99.26464","","","","","99.4997","","",
"Sub-Saharan Africa (excluding high income)","SSA","Literacy rate, adult male (% of males ages 15 and above)","SE.ADT.LITR.MA.ZS","","","","","","","","","","","","","","","","","","","","","","","","","60.33079","60.67502","60.95425","61.51841","61.90691","62.43705","62.94934","63.00725","63.64395","64.0905","64.67947","64.7188","65.1119","65.74909","66.33765","67.0286","65.96605","66.67287","67.72969","67.8232","69.94351","68.66889","68.08822","67.16225","66.46556","67.74901","67.92778","69.09584","70.05743","70.39805","70.96405","71.28207","71.72323","","",
"South Sudan","SSD","Literacy rate, adult male (% of males ages 15 and above)","SE.ADT.LITR.MA.ZS","","","","","","","","","","","","","","","","","","","","","","","","","","","","","","","","","","","","","","","","","","","","","","","","","34.83693","","","","","","","","","","",
"Sub-Saharan Africa","SSF","Literacy rate, adult male (% of males ages 15 and above)","SE.ADT.LITR.MA.ZS","","","","","","","","","","","","","","","","","","","","","","","","","60.33471","60.67896","60.95817","61.52219","61.91068","62.44073","62.953","63.01103","63.64768","64.09426","64.68314","64.72262","65.11569","65.75281","66.3413","67.03217","65.96988","66.67669","67.73341","67.82701","69.94705","68.67269","68.09213","67.16631","66.46968","67.75293","67.93162","69.0995","70.0609","70.4014","70.96726","71.28517","71.72621","","",
"Small states","SST","Literacy rate, adult male (% of males ages 15 and above)","SE.ADT.LITR.MA.ZS","","","","","","","","","","","","","","","","","","","","","","","","","","","78.51506","78.73516","78.75037","79.02728","79.25464","79.44261","79.77141","80.09331","80.23144","80.5308","80.98335","81.39425","82.04463","82.28035","82.62692","83.16576","83.68374","84.08315","84.36957","84.73988","84.25843","83.72732","84.57657","84.2791","85.01519","85.29287","85.55726","85.88304","86.00062","86.26635","86.35654","","",
"Sao Tome and Principe","STP","Literacy rate, adult male (% of males ages 15 and above)","SE.ADT.LITR.MA.ZS","","","","","","","","","","","","","","","","","","","","","","73.14115","","","","","","","","","","85.24964","","","","","","","","","","92.2346699999999","","","","","","","80.33024","","","","94.95617","","","","","","",
"Suriname","SUR","Literacy rate, adult male (% of males ages 15 and above)","SE.ADT.LITR.MA.ZS","","","","","","","","","","","","","","","","","","","","","","","","","","","","","","","","","","","","","","","","","","","","","92.01633","","","","95.49294","","95.36479","","94.86987","","","","","","",
"Slovak Republic","SVK","Literacy rate, adult male (% of males ages 15 and above)","SE.ADT.LITR.MA.ZS","","","","","","","","","","","","","","","","","","","","","","","","","","","","","","","","","","","","","","","","","","","","","","","","","","","","","","","","","","","",
"Slovenia","SVN","Literacy rate, adult male (% of males ages 15 and above)","SE.ADT.LITR.MA.ZS","","","","","","","","","","","","","","","","","","","","","","","","","","","","","","","","99.60209","","","","","","","","","","","","","99.69","","","","","","","","","","99.69","","","","",
"Sweden","SWE","Literacy rate, adult male (% of males ages 15 and above)","SE.ADT.LITR.MA.ZS","","","","","","","","","","","","","","","","","","","","","","","","","","","","","","","","","","","","","","","","","","","","","","","","","","","","","","","","","","","",
"Eswatini","SWZ","Literacy rate, adult male (% of males ages 15 and above)","SE.ADT.LITR.MA.ZS","","","","","","","","","","","","","","","","","57.38439","","","","","","","","","","69.68347","","","","","","","","","","","","","","83.1546199999999","","","","","","","","","","83.90015","","","","","","","","",
"Sint Maarten (Dutch part)","SXM","Literacy rate, adult male (% of males ages 15 and above)","SE.ADT.LITR.MA.ZS","","","","","","","","","","","","","","","","","","","","","","","","","","","","","","","","","","","","","","","","","","","","","","","","","","","","","","","","","","","",
"Seychelles","SYC","Literacy rate, adult male (% of males ages 15 and above)","SE.ADT.LITR.MA.ZS","","","","","","","","","","","","","","","","","","","","","","","","","","","","82.9316599999999","","","","","","","87.01516","","","","","","","","91.40732","","","","","","","","93.46392","","","","","","","","",
"Syrian Arab Republic","SYR","Literacy rate, adult male (% of males ages 15 and above)","SE.ADT.LITR.MA.ZS","","","","","","","","","","","","","","","","","","","","","","73.58422","","","","","","","","","","","","","","","","","","","","","91.02857","","87.75814","","","","","","","","","","","","","","",
"Turks and Caicos Islands","TCA","Literacy rate, adult male (% of males ages 15 and above)","SE.ADT.LITR.MA.ZS","","","","","","","","","","","","","","","","","","","","","","","","","","","","","","","","","","","","","","","","","","","","","","","","","","","","","","","","","","","",
"Chad","TCD","Literacy rate, adult male (% of males ages 15 and above)","SE.ADT.LITR.MA.ZS","","","","","","","","","","","","","","","","","","","","","","","","","","","","","","","","","","18.2606","","","","","","","40.82706","","","","39.36825","","","","","","","","","","","38.9182","31.32879","","",
"East Asia & Pacific (IDA & IBRD countries)","TEA","Literacy rate, adult male (% of males ages 15 and above)","SE.ADT.LITR.MA.ZS","","","","","","","","","","","","","","","","","77.04513","77.15483","77.97463","78.79691","79.11391","80.3572","80.76893","81.85524","82.57765","83.2617","83.9355","84.93767","87.78443","88.20669","87.7175","88.91851","89.21964","89.45667","89.7997","90.13573","90.47773","93.73999","93.9601","94.15283","94.52556","94.62745","94.84178","95.0239","95.40208","95.63611","95.89691","96.51147","96.64493","96.78933","96.82352","96.58566","96.72465","96.78383","96.96118","97.05665","97.11802","","",
"Europe & Central Asia (IDA & IBRD countries)","TEC","Literacy rate, adult male (% of males ages 15 and above)","SE.ADT.LITR.MA.ZS","","","","","","","","","","","","","","","","","","","","","","","","97.48037","97.84378","97.92374","97.9425","97.99319","98.03582","98.08584","98.17539","98.18503","98.23444","98.27927","98.32238","98.36703","98.42728","98.46115","98.5457","98.56049","98.76671","98.80667","98.84019","98.86541","98.90683","99.03439","99.01665","99.04747","99.06134","99.16166","99.30058","99.39929","99.44551","99.46068","99.47438","99.48713","99.51975","","",
"Togo","TGO","Literacy rate, adult male (% of males ages 15 and above)","SE.ADT.LITR.MA.ZS","","","","","","","","","","","","","","","","","","","","","","","","","","","","","","","","","","","","","","","","","68.72574","","","","","","70.27027","","","71.1663499999999","","74.05682","","","","77.25943","","","",
"Thailand","THA","Literacy rate, adult male (% of males ages 15 and above)","SE.ADT.LITR.MA.ZS","","","","","","","","","","","","","","","","","","","","","92.21296","","","","","","","","","","","","","","","","","","","","94.90157","","","","","95.60024","","","","","96.4350199999999","","","95.25126","","94.65912","","","",
"Tajikistan","TJK","Literacy rate, adult male (% of males ages 15 and above)","SE.ADT.LITR.MA.ZS","","","","","","","","","","","","","","","","","","","","","","","","","","","","","","98.79109","","","","","","","","","","","99.6839899999999","","","","","","","","","","","","","","99.8199999999999","","","","",
"Turkmenistan","TKM","Literacy rate, adult male (% of males ages 15 and above)","SE.ADT.LITR.MA.ZS","","","","","","","","","","","","","","","","","","","","","","","","","","","","","","","","","","","","99.32498","","","","","","","","","","","","","","","","","","","99.75","","","","",
"Latin America & the Caribbean (IDA & IBRD countries)","TLA","Literacy rate, adult male (% of males ages 15 and above)","SE.ADT.LITR.MA.ZS","","","","","","","","","","","","","","","81.13014","81.12829","81.37998","81.67835","81.99031","82.26193","82.38213","82.76547","83.02272","83.31131","83.57411","83.82721","84.07485","84.38709","84.77759","85.11991","85.31593","85.94388","86.55445","87.16969","87.79161","88.40817","88.66583","88.96864","89.37708","89.62001","89.69188","89.96495","89.97876","90.76276","90.6096","91.09865","91.13933","91.51917","91.83034","92.06716","92.04087","92.63949","92.80388","92.82053","93.221","93.60256","93.88289","","",
"Timor-Leste","TLS","Literacy rate, adult male (% of males ages 15 and above)","SE.ADT.LITR.MA.ZS","","","","","","","","","","","","","","","","","","","","","","","","","","","","","","","","","","","","","","","","","","45.3","","","","","","58.5","","","63.59179","","","","","","","","",
"Middle East & North Africa (IDA & IBRD countries)","TMN","Literacy rate, adult male (% of males ages 15 and above)","SE.ADT.LITR.MA.ZS","","","","","","","","","","","","53.34177","53.81699","54.28989","54.75931","55.26119","55.47933","56.28632","56.91783","57.55572","58.28067","58.9519","59.54811","59.94843","60.80844","61.77324","62.64095","63.41133","64.39412","65.25815","67.56316","68.50917","69.47186","70.66527","71.29737","72.48036","73.40079","74.31868","75.27739","76.11011","76.88208","77.83833","78.03706","82.08","82.63542","82.84549","80.72226","81.30093","81.66368","81.03252","81.51761","81.66098","82.26507","82.59261","82.87261","83.39007","83.68518","","",
"Tonga","TON","Literacy rate, adult male (% of males ages 15 and above)","SE.ADT.LITR.MA.ZS","","","","","","","","","","","","","","","","","99.65866","","","","","","","","","","","","","","","","","","","","98.8340599999999","","","","","","","","","","98.95388","","","","","99.3351","","","","","","","",
"South Asia (IDA & IBRD)","TSA","Literacy rate, adult male (% of males ages 15 and above)","SE.ADT.LITR.MA.ZS","","","","","","","","","","","","","","","","49.91473","49.93107","50.51915","51.0788","51.5882","52.10586","51.97032","53.10013","53.62144","54.13225","54.63541","55.12143","55.60288","57.06626","57.67726","58.25473","58.32356","59.84322","60.8845","61.51701","62.15671","62.79161","63.42505","68.59303","69.1217","69.66033","69.85132","70.70478","71.61217","72.14416","72.50458","72.57479","73.13418","74.58847","75.11146","75.55273","74.47033","77.60621","77.94999","78.45169","78.92654","79.36755","","",
"Sub-Saharan Africa (IDA & IBRD countries)","TSS","Literacy rate, adult male (% of males ages 15 and above)","SE.ADT.LITR.MA.ZS","","","","","","","","","","","","","","","","","","","","","","","","","60.33471","60.67896","60.95817","61.52219","61.91068","62.44073","62.953","63.01103","63.64768","64.09426","64.68314","64.72262","65.11569","65.75281","66.3413","67.03217","65.96988","66.67669","67.73341","67.82701","69.94705","68.67269","68.09213","67.16631","66.46968","67.75293","67.93162","69.0995","70.0609","70.4014","70.96726","71.28517","71.72621","","",
"Trinidad and Tobago","TTO","Literacy rate, adult male (% of males ages 15 and above)","SE.ADT.LITR.MA.ZS","","","","","","","","","","","","","","","","","","","","","96.52153","","","","","","","","","","98.0098","","","","","","","","","","","","","","","","","","","","","","","","","","","","",
"Tunisia","TUN","Literacy rate, adult male (% of males ages 15 and above)","SE.ADT.LITR.MA.ZS","","","","","","","","","","","","","","","","","","","","","","","","","60.40723","","","","","","","","","","","","","","","","","","","","83.38509","","","86.05368","86.37581","","87.37573","87.76076","88.47578","","86.06012","","","","",
"Turkey","TUR","Literacy rate, adult male (% of males ages 15 and above)","SE.ADT.LITR.MA.ZS","","","","","","","","","","","","","","","","77.50394","","","","","81.44944","","","","","87.61972","","","","","89.84703","","","","","","","","","","","","","","95.27349","96.00062","95.99562","96.20186","","96.3777099999999","97.2998099999999","97.93499","98.2629","98.40137","98.49679","98.57562","98.77583","","",
"Tuvalu","TUV","Literacy rate, adult male (% of males ages 15 and above)","SE.ADT.LITR.MA.ZS","","","","","","","","","","","","","","","","","","","","","","","","","","","","","","","","","","","","","","","","","","","","","","","","","","","","","","","","","","","",
"Tanzania","TZA","Literacy rate, adult male (% of males ages 15 and above)","SE.ADT.LITR.MA.ZS","","","","","","","","","","","","","","","","","","","","","","","","","","","","","71.36571","","","","","","","","","","","","","","77.5064","","","","","","","","75.4678","","83.37769","","","83.2048499999999","","","",
"Uganda","UGA","Literacy rate, adult male (% of males ages 15 and above)","SE.ADT.LITR.MA.ZS","","","","","","","","","","","","","","","","","","","","","","","","","","","","","","","","68.1980899999999","","","","","","","","","","","78.3040199999999","","","","81.3885899999999","","","","82.63139","","79.12304","","","","","","",
"Ukraine","UKR","Literacy rate, adult male (% of males ages 15 and above)","SE.ADT.LITR.MA.ZS","","","","","","","","","","","","","","","","","","","","","","","","","","","","","","","","","","","","","","","","","","99.74343","","","","","","","","","","","99.99394","","","","","","",
"Upper middle income","UMC","Literacy rate, adult male (% of males ages 15 and above)","SE.ADT.LITR.MA.ZS","","","","","","","","","","","","","","","","","79.84701","79.94806","80.55845","81.15959","81.72274","82.3059","82.60137","83.4569","84.0811","84.62036","85.11736","85.62252","87.88958","88.2498","88.05621","89.01099","89.356","89.67591","89.98929","90.31363","90.57908","93.19727","93.43358","93.63536","93.92718","94.06091","94.12834","94.54499","94.81309","95.0414","95.13849","95.66252","95.82428","95.80356","95.82356","96.02188","96.10452","96.14528","96.27109","96.4173","96.52922","","",
"Uruguay","URY","Literacy rate, adult male (% of males ages 15 and above)","SE.ADT.LITR.MA.ZS","","","","","","","","","","","","","","","","93.38826","","","","","","","","","","94.8336099999999","","","","","","","","","","","96.24453","","","","","","","","","","97.4447799999999","97.42169","97.83128","97.97242","97.61017","98.02311","98.10397","98.0634199999999","98.02507","98.14592","98.2442","98.23419","",
"United States","USA","Literacy rate, adult male (% of males ages 15 and above)","SE.ADT.LITR.MA.ZS","","","","","","","","","","","","","","","","","","","","","","","","","","","","","","","","","","","","","","","","","","","","","","","","","","","","","","","","","","","",
"Uzbekistan","UZB","Literacy rate, adult male (% of males ages 15 and above)","SE.ADT.LITR.MA.ZS","","","","","","","","","","","","","","","","","","","","","","","","","","","","","","","","","","","","","","","","","99.16444","","","","","","","","","","","","","99.99383","99.98519","99.99204","99.99487","","",
"St. Vincent and the Grenadines","VCT","Literacy rate, adult male (% of males ages 15 and above)","SE.ADT.LITR.MA.ZS","","","","","","","","","","","95.8","","","","","","","","","","","","","","","","","","","","","","","","","","","","","","","","","","","","","","","","","","","","","","","","",
"Venezuela, RB","VEN","Literacy rate, adult male (% of males ages 15 and above)","SE.ADT.LITR.MA.ZS","","","","","","","","","","","","","","","","","","","","","","86.48933","","","","","","","","","90.67252","","","","","","","","","","","93.25745","","","","","","95.38173","","95.67537","","94.50232","","","","96.6510799999999","97.0391099999999","","",
"British Virgin Islands","VGB","Literacy rate, adult male (% of males ages 15 and above)","SE.ADT.LITR.MA.ZS","","","","","","","","","","","","","","","","","","","","","","","","","","","","","","","","","","","","","","","","","","","","","","","","","","","","","","","","","","","",
"Virgin Islands (U.S.)","VIR","Literacy rate, adult male (% of males ages 15 and above)","SE.ADT.LITR.MA.ZS","","","","","","","","","","","","","","","","","","","","","","","","","","","","","","","","","","","","","","","","","","","","","","","","","","","","","","","","","","","",
"Vietnam","VNM","Literacy rate, adult male (% of males ages 15 and above)","SE.ADT.LITR.MA.ZS","","","","","","","","","","","","","","","","","","","","90.3814699999999","","","","","","","","","","93.00299","","","","","","","","","","93.91826","93.93268","","","","","","","","","95.78533","","","","","","","","","",
"Vanuatu","VUT","Literacy rate, adult male (% of males ages 15 and above)","SE.ADT.LITR.MA.ZS","","","","","","","","","","","","","","","","","","","","57.3351","","","","","62.31","","","","","","","","","","71.77","","","","","","","","","","80.48","","","","","","","","","","86.18","","","","",
"World","WLD","Literacy rate, adult male (% of males ages 15 and above)","SE.ADT.LITR.MA.ZS","","","","","","","","","","","","","","","","","76.81562","76.95635","77.29126","77.61507","77.77881","78.12528","78.45776","78.86616","79.21419","79.52941","79.8317","80.26404","81.4913","81.77428","81.86724","82.25869","82.70818","83.03909","83.30746","83.56427","83.8325","85.02886","86.25767","86.47976","86.61182","86.7612","87.06933","87.51219","87.90378","87.93877","87.83599","88.0615","88.34391","88.55743","88.64463","88.46042","89.2824","89.35796","89.55434","89.7069","89.83772","","",
"Samoa","WSM","Literacy rate, adult male (% of males ages 15 and above)","SE.ADT.LITR.MA.ZS","","","","","","","","","","","","","","","","","","","","","","","","","","","","","","","","98.41569","","","","","","","","","","","","","","","","","","","","98.8819199999999","","","","","","","",
"Kosovo","XKX","Literacy rate, adult male (% of males ages 15 and above)","SE.ADT.LITR.MA.ZS","","","","","","","","","","","","","","","","","","","","","","","","","","","","","","","","","","","","","","","","","","","","","","","","","","","","","","","","","","","",
"Yemen, Rep.","YEM","Literacy rate, adult male (% of males ages 15 and above)","SE.ADT.LITR.MA.ZS","","","","","","","","","","","","","","","","","","","","","","","","","","","","","","","","","","","56.72475","","","","","","","","","","73.16","","","","","","","","","","","","","","",
"South Africa","ZAF","Literacy rate, adult male (% of males ages 15 and above)","SE.ADT.LITR.MA.ZS","","","","","","","","","","","","","","","","","","","","","77.5256","","","","","","","","","","","","","","","","84.07138","","","","","","","","","","","90.71759","","94.12146","94.14385","94.24509","94.96372","","95.28685","95.39653","","","",
"Zambia","ZMB","Literacy rate, adult male (% of males ages 15 and above)","SE.ADT.LITR.MA.ZS","","","","","","","","","","","","","","","","","","","","","","","","","","","","","","","73.03734","","","","","","","","","76.25402","","","80.91286","","","","","71.94744","","","88.68403","","","","","","","","",
"Zimbabwe","ZWE","Literacy rate, adult male (% of males ages 15 and above)","SE.ADT.LITR.MA.ZS","","","","","","","","","","","","","","","","","","","","","","","84.1746299999999","","","","","","","","","","88.8933799999999","","","","","","","","","","","","","","","","","","","87.76481","","","89.18537","","","","",
