,World Development Indicators,,,,,,,,,,,,,,,,,,,,,,,,,,,,,,,,,,,,,,,,,,,,,,,,,,,,,,,,,,,,,
,,,,,,,,,,,,,,,,,,,,,,,,,,,,,,,,,,,,,,,,,,,,,,,,,,,,,,,,,,,,,,
Last Updated Date,3/21/2019,,,,,,,,,,,,,,,,,,,,,,,,,,,,,,,,,,,,,,,,,,,,,,,,,,,,,,,,,,,,,
,,,,,,,,,,,,,,,,,,,,,,,,,,,,,,,,,,,,,,,,,,,,,,,,,,,,,,,,,,,,,,
Country Name,Country Code,Indicator Name,Indicator Code,1960,1961,1962,1963,1964,1965,1966,1967,1968,1969,1970,1971,1972,1973,1974,1975,1976,1977,1978,1979,1980,1981,1982,1983,1984,1985,1986,1987,1988,1989,1990,1991,1992,1993,1994,1995,1996,1997,1998,1999,2000,2001,2002,2003,2004,2005,2006,2007,2008,2009,2010,2011,2012,2013,2014,2015,2016,2017,2018
Aruba,ABW,Domestic general government health expenditure per capita (current US$),SH.XPD.GHED.PC.CD,,,,,,,,,,,,,,,,,,,,,,,,,,,,,,,,,,,,,,,,,,,,,,,,,,,,,,,,,,,
Afghanistan,AFG,Domestic general government health expenditure per capita (current US$),SH.XPD.GHED.PC.CD,,,,,,,,,,,,,,,,,,,,,,,,,,,,,,,,,,,,,,,,,,,0.14485228,1.27340344,1.15837113,1.300395,1.33175787,1.80004223,2.36885593,2.29179063,2.49575809,2.89019183,2.26727254,2.81783284,2.98174803,3.10793734,,,
Angola,AGO,Domestic general government health expenditure per capita (current US$),SH.XPD.GHED.PC.CD,,,,,,,,,,,,,,,,,,,,,,,,,,,,,,,,,,,,,,,,,7.5951764,13.31811655,11.57814721,14.66689124,21.34700288,24.311999,37.55902984,53.64131968,87.1625409,81.27484535,60.13690318,79.18413319,79.83069415,89.19708469,71.42156988,51.57258777,,,
Albania,ALB,Domestic general government health expenditure per capita (current US$),SH.XPD.GHED.PC.CD,,,,,,,,,,,,,,,,,,,,,,,,,,,,,,,,,,,,,,,,,26.72516915,30.06942575,32.24477712,40.19383615,64.16205233,73.16497888,76.16467528,89.89676932,114.6880632,112.2207734,101.8908373,124.5406062,111.5955123,121.1240826,137.3136376,112.503053,,,
Andorra,AND,Domestic general government health expenditure per capita (current US$),SH.XPD.GHED.PC.CD,,,,,,,,,,,,,,,,,,,,,,,,,,,,,,,,,,,,,,,,,852.4205125,877.0270162,1007.649018,1280.0394,1498.267595,1858.34166,1957.045711,2232.120018,2503.786862,2497.347197,2514.526534,2686.184974,2576.164788,3582.499909,2815.831526,2399.490665,,,
Arab World,ARB,Domestic general government health expenditure per capita (current US$),SH.XPD.GHED.PC.CD,,,,,,,,,,,,,,,,,,,,,,,,,,,,,,,,,,,,,,,,,62.30468432,66.7406763,65.44114519,64.51895443,70.31554647,78.98934669,93.05502566,107.9217246,125.3609253,146.4905648,143.0367973,169.1298626,179.7531435,201.1864274,224.192189,200.0254819,,,
United Arab Emirates,ARE,Domestic general government health expenditure per capita (current US$),SH.XPD.GHED.PC.CD,,,,,,,,,,,,,,,,,,,,,,,,,,,,,,,,,,,,,,,,,538.1280296,594.2765161,521.0278518,538.849355,508.4285166,520.1433218,564.6353596,642.3888505,856.4239473,986.9355164,962.9260629,1074.7052,1045.770193,1120.103975,1145.115335,998.9216123,,,
Argentina,ARG,Domestic general government health expenditure per capita (current US$),SH.XPD.GHED.PC.CD,,,,,,,,,,,,,,,,,,,,,,,,,,,,,,,,,,,,,,,,,99.16594964,99.8323936,35.98849649,99.16190488,111.5393708,136.1543815,169.815505,221.3542692,281.6989567,301.5389587,383.7182893,461.5117193,550.8347138,612.9552296,594.6827323,712.6919535,,,
Armenia,ARM,Domestic general government health expenditure per capita (current US$),SH.XPD.GHED.PC.CD,,,,,,,,,,,,,,,,,,,,,,,,,,,,,,,,,,,,,,,,,6.40894844,10.05756397,9.90230005,11.88827776,16.56859503,24.20843309,34.30378237,50.8373478,59.98473892,54.19515085,54.33072681,58.71877674,56.77320679,56.77339197,60.13959289,58.25630137,,,
American Samoa,ASM,Domestic general government health expenditure per capita (current US$),SH.XPD.GHED.PC.CD,,,,,,,,,,,,,,,,,,,,,,,,,,,,,,,,,,,,,,,,,,,,,,,,,,,,,,,,,,,
Antigua and Barbuda,ATG,Domestic general government health expenditure per capita (current US$),SH.XPD.GHED.PC.CD,,,,,,,,,,,,,,,,,,,,,,,,,,,,,,,,,,,,,,,,,257.0047076,269.9714658,270.4812247,280.0275445,268.5759056,327.8238184,369.1358161,412.5989397,479.7937928,423.4794417,465.2078157,456.5833712,420.975446,437.6718884,516.9265346,437.3738149,,,
Australia,AUS,Domestic general government health expenditure per capita (current US$),SH.XPD.GHED.PC.CD,,,,,,,,,,,,,,,,,,,,,,,,,,,,,,,,,,,,,,,,,1116.231447,1055.756341,1210.38682,1524.98636,1884.674687,2054.872185,2170.456114,2629.693382,2821.208976,2770.111986,3399.40611,4067.59395,4083.903773,3943.952746,3797.341178,,,,
Austria,AUT,Domestic general government health expenditure per capita (current US$),SH.XPD.GHED.PC.CD,,,,,,,,,,,,,,,,,,,,,,,,,,,,,,,,,,,,,,,,,,,,,2648.533527,2760.141327,2903.910711,3345.342658,3794.32577,3698.430941,3597.41659,3859.148484,3727.261278,3890.587641,4001.188132,3428.551532,,,
Azerbaijan,AZE,Domestic general government health expenditure per capita (current US$),SH.XPD.GHED.PC.CD,,,,,,,,,,,,,,,,,,,,,,,,,,,,,,,,,,,,,,,,,5.62723079,5.89458445,5.96501965,7.15946019,10.31571899,13.65780154,20.79345777,36.36009991,45.02691867,65.52271827,67.33651558,88.7250699,98.8579734,108.0461733,103.7391607,74.49459921,,,
Burundi,BDI,Domestic general government health expenditure per capita (current US$),SH.XPD.GHED.PC.CD,,,,,,,,,,,,,,,,,,,,,,,,,,,,,,,,,,,,,,,,,1.99224043,2.26325011,1.96655685,1.55727234,2.95965192,2.75422588,3.32750351,4.0050074,3.72046528,4.23187741,4.6018185,8.93709016,6.68341097,3.93496051,4.16299135,9.42724001,,,
Belgium,BEL,Domestic general government health expenditure per capita (current US$),SH.XPD.GHED.PC.CD,,,,,,,,,,,,,,,,,,,,,,,,,,,,,,,,,,,,,,,,,0,0,0,2216.274309,2632.984997,2730.750548,2814.785354,3208.476172,3685.912748,3691.905268,3594.699002,3927.235991,3736.582316,3945.961624,4034.823036,3484.327032,,,
Benin,BEN,Domestic general government health expenditure per capita (current US$),SH.XPD.GHED.PC.CD,,,,,,,,,,,,,,,,,,,,,,,,,,,,,,,,,,,,,,,,,4.09090526,4.76714906,4.1191234,4.71136357,5.82225733,5.60749665,6.14830717,5.74146748,6.32518235,8.10623316,7.50908284,8.97846797,8.5421572,9.56451099,7.42005711,6.30155659,,,
Burkina Faso,BFA,Domestic general government health expenditure per capita (current US$),SH.XPD.GHED.PC.CD,,,,,,,,,,,,,,,,,,,,,,,,,,,,,,,,,,,,,,,,,2.45210284,2.59290602,3.10288191,3.66381843,7.09873788,5.59762605,6.76894368,7.65266176,8.72216267,10.20649339,8.45448922,10.22735059,8.06940292,12.69332419,12.88131848,9.44480006,,,
Bangladesh,BGD,Domestic general government health expenditure per capita (current US$),SH.XPD.GHED.PC.CD,,,,,,,,,,,,,,,,,,,,,,,,,,,,,,,,,,,,,,,,,2.38275245,1.7903709,2.23833064,2.49140098,2.58186332,2.36007451,2.61273364,3.00363706,3.05300682,3.22592761,3.89103977,4.22720479,4.40807241,3.92440607,3.97431105,4.67938248,,,
Bulgaria,BGR,Domestic general government health expenditure per capita (current US$),SH.XPD.GHED.PC.CD,,,,,,,,,,,,,,,,,,,,,,,,,,,,,,,,,,,,,,,,,56.34344214,67.42536343,88.27218175,119.4300223,139.2689109,160.3979358,164.9186789,202.8286727,256.058543,249.5316666,268.649666,302.0806325,284.9526128,310.1926368,353.3598071,292.2411416,,,
Bahrain,BHR,Domestic general government health expenditure per capita (current US$),SH.XPD.GHED.PC.CD,,,,,,,,,,,,,,,,,,,,,,,,,,,,,,,,,,,,,,,,,320.710873,324.3384636,335.6183257,354.1343921,357.5693668,385.6151183,407.6738533,454.046398,500.6231202,501.8325498,501.4302621,503.5781306,635.3481192,695.3372409,754.6030795,787.7483882,,,
"Bahamas, The",BHS,Domestic general government health expenditure per capita (current US$),SH.XPD.GHED.PC.CD,,,,,,,,,,,,,,,,,,,,,,,,,,,,,,,,,,,,,,,,,510.2554634,517.9210583,559.5862297,560.5771728,601.5018944,598.3313541,741.4465652,747.8208034,785.8298248,783.4163717,759.3561547,772.025927,798.3034037,766.0905524,696.0271503,819.4644787,,,
Bosnia and Herzegovina,BIH,Domestic general government health expenditure per capita (current US$),SH.XPD.GHED.PC.CD,,,,,,,,,,,,,,,,,,,,,,,,,,,,,,,,,,,,,,,,,60.25684405,66.60404259,78.79318038,123.2033134,138.6503824,142.8671529,164.9746422,214.1080259,269.0156102,289.394517,284.2023853,317.8123799,307.8083536,331.4223396,346.1681521,296.1818667,,,
Belarus,BLR,Domestic general government health expenditure per capita (current US$),SH.XPD.GHED.PC.CD,,,,,,,,,,,,,,,,,,,,,,,,,,,,,,,,,,,,,,,,,45.12307246,55.10333663,62.77962242,82.99376691,108.7814159,146.8242275,159.077684,196.098601,230.0626356,186.6457316,232.557715,201.4583767,238.8199061,284.3518597,280.2638553,219.4177038,,,
Belize,BLZ,Domestic general government health expenditure per capita (current US$),SH.XPD.GHED.PC.CD,,,,,,,,,,,,,,,,,,,,,,,,,,,,,,,,,,,,,,,,,70.34628915,88.53748078,87.38009618,95.28505369,96.0636475,104.1508581,115.8765886,138.6194024,147.1004197,164.094429,167.0386682,165.4352004,164.7762525,176.213148,161.1722805,200.0108204,,,
Bermuda,BMU,Domestic general government health expenditure per capita (current US$),SH.XPD.GHED.PC.CD,,,,,,,,,,,,,,,,,,,,,,,,,,,,,,,,,,,,,,,,,,,,,,,,,,,,,,,,,,,
Bolivia,BOL,Domestic general government health expenditure per capita (current US$),SH.XPD.GHED.PC.CD,,,,,,,,,,,,,,,,,,,,,,,,,,,,,,,,,,,,,,,,,24.51980839,25.4877645,24.16382606,25.96437274,25.56765342,29.71978902,33.10974197,39.56468305,48.04823522,57.30238848,61.75226244,73.22901401,80.67598377,97.80963549,116.9466146,134.1652299,,,
Brazil,BRA,Domestic general government health expenditure per capita (current US$),SH.XPD.GHED.PC.CD,,,,,,,,,,,,,,,,,,,,,,,,,,,,,,,,,,,,,,,,,129.7574762,110.6719831,104.3173056,107.3605563,125.6037264,159.5763752,207.5353236,254.8771274,307.9757501,317.1315625,401.502845,456.4567953,412.5277984,434.4550801,446.0652515,333.6479595,,,
Barbados,BRB,Domestic general government health expenditure per capita (current US$),SH.XPD.GHED.PC.CD,,,,,,,,,,,,,,,,,,,,,,,,,,,,,,,,,,,,,,,,,311.595234,330.5401866,371.6014884,454.5355622,471.9211203,490.90058,534.9072752,548.0402398,625.2976837,637.2107759,591.1222225,561.8137577,704.7605519,632.4265552,550.7374793,530.5225986,,,
Brunei Darussalam,BRN,Domestic general government health expenditure per capita (current US$),SH.XPD.GHED.PC.CD,,,,,,,,,,,,,,,,,,,,,,,,,,,,,,,,,,,,,,,,,427.9408646,386.5799542,395.4711335,443.8848071,514.4399493,540.5514708,558.5454991,612.9980842,709.2162094,671.1110224,737.1143854,802.1836953,803.923923,866.408677,840.6850862,763.381886,,,
Bhutan,BTN,Domestic general government health expenditure per capita (current US$),SH.XPD.GHED.PC.CD,,,,,,,,,,,,,,,,,,,,,,,,,,,,,,,,,,,,,,,,,25.36730443,26.018002,26.58177815,26.28515128,30.91216205,30.14361873,30.23237628,41.27528987,38.98294799,42.85884073,50.29269504,54.68603727,55.73647978,56.43745793,56.81462716,65.68691545,,,
Botswana,BWA,Domestic general government health expenditure per capita (current US$),SH.XPD.GHED.PC.CD,,,,,,,,,,,,,,,,,,,,,,,,,,,,,,,,,,,,,,,,,141.2158002,156.7403556,91.18593175,165.1924784,214.8683897,194.6337422,185.7051945,190.5774776,220.0037407,232.5687778,223.1139974,297.9958359,282.4139631,200.3365533,215.5442128,214.5459573,,,
Central African Republic,CAF,Domestic general government health expenditure per capita (current US$),SH.XPD.GHED.PC.CD,,,,,,,,,,,,,,,,,,,,,,,,,,,,,,,,,,,,,,,,,3.35217047,2.90298336,3.36350017,3.92736439,3.68538678,4.21460897,4.33425548,7.22302055,6.40853523,2.30103258,3.69347461,3.10771338,3.31496766,1.72578722,2.33755431,2.12448375,,,
Canada,CAN,Domestic general government health expenditure per capita (current US$),SH.XPD.GHED.PC.CD,,,,,,,,,,,,,,,,,,,,,,,,,,,,,,,,,,,,,,,,,1456.235999,1495.861016,1558.293978,1866.458957,2128.901943,2398.046101,2696.415983,3006.196047,3202.832666,3148.118837,3636.773088,3900.325512,3939.132793,3893.721737,3699.802213,3315.295544,,,
Central Europe and the Baltics,CEB,Domestic general government health expenditure per capita (current US$),SH.XPD.GHED.PC.CD,,,,,,,,,,,,,,,,,,,,,,,,,,,,,,,,,,,,,,,,,,,,,,,,,,,,,,676.3909551,685.0920238,590.7264169,,,
Switzerland,CHE,Domestic general government health expenditure per capita (current US$),SH.XPD.GHED.PC.CD,,,,,,,,,,,,,,,,,,,,,,,,,,,,,,,,,,,,,,,,,,,,,,,,,,,5575.302143,6714.176558,6600.398545,6945.627656,7083.396742,6943.922879,,,
Channel Islands,CHI,Domestic general government health expenditure per capita (current US$),SH.XPD.GHED.PC.CD,,,,,,,,,,,,,,,,,,,,,,,,,,,,,,,,,,,,,,,,,,,,,,,,,,,,,,,,,,,
Chile,CHL,Domestic general government health expenditure per capita (current US$),SH.XPD.GHED.PC.CD,,,,,,,,,,,,,,,,,,,,,,,,,,,,,,,,,,,,,,,,,191.3523811,173.251535,171.2795649,183.3123665,227.1615802,265.5734917,309.6395776,357.4135599,409.8840527,431.2045395,514.2834571,592.1064774,650.0379364,704.3919913,680.7588122,669.786666,,,
China,CHN,Domestic general government health expenditure per capita (current US$),SH.XPD.GHED.PC.CD,,,,,,,,,,,,,,,,,,,,,,,,,,,,,,,,,,,,,,,,,9.40355179,11.19061632,14.37138861,16.9557454,20.34278203,24.95658555,31.99018239,44.36140936,68.66200214,88.61285442,105.2000536,141.3974867,168.1954317,191.7586005,216.6631207,254.4254488,,,
Cote d'Ivoire,CIV,Domestic general government health expenditure per capita (current US$),SH.XPD.GHED.PC.CD,,,,,,,,,,,,,,,,,,,,,,,,,,,,,,,,,,,,,,,,,5.20108448,4.6225833,5.3334876,6.16584979,7.11092393,6.7890751,7.28505367,8.61926463,10.34751366,11.23022172,9.89271261,10.25251635,13.27435266,15.75263427,13.65821052,16.46820651,,,
Cameroon,CMR,Domestic general government health expenditure per capita (current US$),SH.XPD.GHED.PC.CD,,,,,,,,,,,,,,,,,,,,,,,,,,,,,,,,,,,,,,,,,4.45171913,5.44881371,6.85184712,8.27584235,7.8180875,7.29992999,7.56451199,7.39071896,8.04026967,9.86216179,10.63291362,15.99663214,9.11872408,9.59209974,8.3590004,9.20075211,,,
"Congo, Dem. Rep.",COD,Domestic general government health expenditure per capita (current US$),SH.XPD.GHED.PC.CD,,,,,,,,,,,,,,,,,,,,,,,,,,,,,,,,,,,,,,,,,0.48364661,0.27134821,0.23660079,0.45934543,0.54886986,0.59886588,0.53309148,1.14798644,3.19655479,2.13131426,1.32512091,1.3720345,2.28780837,2.28712566,2.68334594,3.25701392,,,
"Congo, Rep.",COG,Domestic general government health expenditure per capita (current US$),SH.XPD.GHED.PC.CD,,,,,,,,,,,,,,,,,,,,,,,,,,,,,,,,,,,,,,,,,5.78257811,8.84228406,4.22177238,5.51663633,6.14823525,7.72557223,11.64782647,12.93786795,30.99284332,14.06324433,24.80537044,22.56644252,25.51440316,34.03533353,36.37938978,25.41022526,,,
Colombia,COL,Domestic general government health expenditure per capita (current US$),SH.XPD.GHED.PC.CD,,,,,,,,,,,,,,,,,,,,,,,,,,,,,,,,,,,,,,,,,105.9803858,103.5683131,99.60008007,102.9711927,105.3400992,135.3348619,154.9398936,189.0439583,224.3955803,234.3752068,274.316692,314.1060599,352.4389781,354.056799,359.508101,249.9043367,,,
Comoros,COM,Domestic general government health expenditure per capita (current US$),SH.XPD.GHED.PC.CD,,,,,,,,,,,,,,,,,,,,,,,,,,,,,,,,,,,,,,,,,5.92044493,4.85677211,7.79117839,8.88616986,9.14040561,8.28711241,8.04983415,8.0740128,8.76594091,6.71906368,5.91180618,14.36155607,7.17090958,8.48534442,8.34484764,7.84480437,,,
Cabo Verde,CPV,Domestic general government health expenditure per capita (current US$),SH.XPD.GHED.PC.CD,,,,,,,,,,,,,,,,,,,,,,,,,,,,,,,,,,,,,,,,,42.82269904,48.13279218,52.02110397,63.63935224,68.0606491,67.62858024,75.72130189,92.5132903,89.24083525,95.6500902,93.78685861,105.1585148,105.9508796,104.0824275,117.4443405,98.88952914,,,
Costa Rica,CRI,Domestic general government health expenditure per capita (current US$),SH.XPD.GHED.PC.CD,,,,,,,,,,,,,,,,,,,,,,,,,,,,,,,,,,,,,,,,,164.9868017,171.7176612,189.680035,195.9972451,196.9167819,203.5786961,244.4029786,288.2246347,356.0759058,386.1822937,486.3882706,573.3887501,608.8202164,668.7686148,642.3161629,705.8456138,,,
Caribbean small states,CSS,Domestic general government health expenditure per capita (current US$),SH.XPD.GHED.PC.CD,,,,,,,,,,,,,,,,,,,,,,,,,,,,,,,,,,,,,,,,,125.8798839,119.2746213,136.8392687,138.8841118,157.3575364,169.8553819,193.2077958,215.7371477,245.5622187,243.6331103,253.5458263,267.239371,276.843441,298.078745,288.5713945,314.3725597,,,
Cuba,CUB,Domestic general government health expenditure per capita (current US$),SH.XPD.GHED.PC.CD,,,,,,,,,,,,,,,,,,,,,,,,,,,,,,,,,,,,,,,,,,,,,,,,,,,,,,,,,,,
Curacao,CUW,Domestic general government health expenditure per capita (current US$),SH.XPD.GHED.PC.CD,,,,,,,,,,,,,,,,,,,,,,,,,,,,,,,,,,,,,,,,,,,,,,,,,,,,,,,,,,,
Cayman Islands,CYM,Domestic general government health expenditure per capita (current US$),SH.XPD.GHED.PC.CD,,,,,,,,,,,,,,,,,,,,,,,,,,,,,,,,,,,,,,,,,,,,,,,,,,,,,,,,,,,
Cyprus,CYP,Domestic general government health expenditure per capita (current US$),SH.XPD.GHED.PC.CD,,,,,,,,,,,,,,,,,,,,,,,,,,,,,,,,,,,,,,,,,312.8407358,331.4729095,400.5745421,486.2916682,507.2893719,533.7508956,595.5422898,686.0521321,904.389508,902.8166294,944.5176969,1012.39191,881.3745919,885.2795412,808.3911136,665.8421236,,,
Czech Republic,CZE,Domestic general government health expenditure per capita (current US$),SH.XPD.GHED.PC.CD,,,,,,,,,,,,,,,,,,,,,,,,,,,,,,,,,,,,,,,,,,,,572.6600963,662.5992862,740.4385831,813.2004955,940.2073012,1189.961373,1200.956561,1144.938981,1272.132833,1161.857495,1299.740206,1250.989138,1057.681108,,,
Germany,DEU,Domestic general government health expenditure per capita (current US$),SH.XPD.GHED.PC.CD,,,,,,,,,,,,,,,,,,,,,,,,,,,,,,,,,,,,,,,,,1869.386267,1874.482771,2034.474342,2491.862637,2684.011251,2758.74634,2853.492236,3228.344928,3605.368054,3964.468935,3919.394759,4189.79786,3958.154966,4276.278587,4460.692779,3878.739825,,,
Djibouti,DJI,Domestic general government health expenditure per capita (current US$),SH.XPD.GHED.PC.CD,,,,,,,,,,,,,,,,,,,,,,,,,,,,,,,,,,,,,,,,,15.3418825,13.84871315,14.42789932,17.46509592,17.45815111,17.75280129,23.40152483,25.51332157,30.72672243,32.43350331,33.66389133,43.05110488,40.75456457,41.17475333,42.85357006,44.6418879,,,
Dominica,DMA,Domestic general government health expenditure per capita (current US$),SH.XPD.GHED.PC.CD,,,,,,,,,,,,,,,,,,,,,,,,,,,,,,,,,,,,,,,,,156.8104645,157.3555758,157.0085209,156.4059601,156.2334724,156.2040328,172.2831128,183.3962937,193.746945,225.6675522,232.2591348,203.9882544,239.565533,227.6447718,247.3274891,260.7101238,,,
Denmark,DNK,Domestic general government health expenditure per capita (current US$),SH.XPD.GHED.PC.CD,,,,,,,,,,,,,,,,,,,,,,,,,,,,,,,,,,,,,,,,,2074.399134,2170.752186,2426.853935,3026.664448,3504.777998,3720.543682,4008.068712,4577.486923,5156.951344,5254.761435,5104.379167,5278.74429,5058.203951,5281.194134,5397.38423,4625.659139,,,
Dominican Republic,DOM,Domestic general government health expenditure per capita (current US$),SH.XPD.GHED.PC.CD,,,,,,,,,,,,,,,,,,,,,,,,,,,,,,,,,,,,,,,,,25.13461172,29.48070133,29.86665019,20.93851235,28.03059328,53.55213639,56.73776493,77.60796844,104.8866983,114.6764252,135.1486636,157.1221306,165.082919,169.3219519,158.8515964,160.0370976,,,
Algeria,DZA,Domestic general government health expenditure per capita (current US$),SH.XPD.GHED.PC.CD,,,,,,,,,,,,,,,,,,,,,,,,,,,,,,,,,,,,,,,,,44.11566517,50.69457539,49.81390243,57.84092965,65.72732209,69.49473236,79.5819329,104.9463528,148.391841,147.0164769,158.6969027,202.0945438,243.5381873,234.6187705,257.7184066,205.8315465,,,
East Asia & Pacific (excluding high income),EAP,Domestic general government health expenditure per capita (current US$),SH.XPD.GHED.PC.CD,,,,,,,,,,,,,,,,,,,,,,,,,,,,,,,,,,,,,,,,,10.35891143,11.60376935,14.35937325,16.94512375,19.74737257,23.5060993,30.15570287,40.77592079,58.96698545,72.77020979,86.77548883,113.5477656,133.7334569,150.9037809,168.1143377,192.8549212,,,
Early-demographic dividend,EAR,Domestic general government health expenditure per capita (current US$),SH.XPD.GHED.PC.CD,,,,,,,,,,,,,,,,,,,,,,,,,,,,,,,,,,,,,,,,,15.32834426,15.60211002,14.01816174,26.48943401,30.61886697,34.54127393,42.31839815,49.62895795,55.8620422,57.64103366,56.44611699,74.0174909,78.01182742,81.71282266,80.08044504,80.43481686,,,
East Asia & Pacific,EAS,Domestic general government health expenditure per capita (current US$),SH.XPD.GHED.PC.CD,,,,,,,,,,,,,,,,,,,,,,,,,,,,,,,,,,,,,,,,,168.5888701,156.5516277,156.5417682,171.8418082,192.9153946,201.8828644,203.4235443,222.2098535,260.3696857,294.7057882,337.2902824,424.7690839,449.2370803,422.27556,420.4995311,218.8425055,,,
Europe & Central Asia (excluding high income),ECA,Domestic general government health expenditure per capita (current US$),SH.XPD.GHED.PC.CD,,,,,,,,,,,,,,,,,,,,,,,,,,,,,,,,,,,,,,,,,39.78116051,47.9525193,58.39649014,89.19222393,112.5394702,143.503928,176.2123461,226.2211254,285.9376109,253.0001693,239.2835764,303.4230191,326.7093824,346.3771522,317.7276543,245.0752032,,,
Europe & Central Asia,ECS,Domestic general government health expenditure per capita (current US$),SH.XPD.GHED.PC.CD,,,,,,,,,,,,,,,,,,,,,,,,,,,,,,,,,,,,,,,,,537.3635741,574.3932369,641.0807882,1006.63031,1179.14258,1251.36356,1347.287942,1543.90442,1718.753875,1698.52883,1836.078548,1842.119661,1762.012582,1828.295852,1863.491973,1618.52634,,,
Ecuador,ECU,Domestic general government health expenditure per capita (current US$),SH.XPD.GHED.PC.CD,,,,,,,,,,,,,,,,,,,,,,,,,,,,,,,,,,,,,,,,,13.94058374,23.89370995,30.85588652,40.7085209,46.92942754,50.85198911,60.90271166,80.1080651,97.70160313,112.9790594,148.6761668,194.6963348,238.3357287,266.5687071,290.9781677,263.2825027,,,
"Egypt, Arab Rep.",EGY,Domestic general government health expenditure per capita (current US$),SH.XPD.GHED.PC.CD,,,,,,,,,,,,,,,,,,,,,,,,,,,,,,,,,,,,,,,,,25.51942309,24.63031273,23.16372987,16.91312505,17.25169777,20.28226464,25.282368,27.4057634,32.88902539,36.78003867,36.69676963,41.71577028,42.58538179,43.39016,48.66166172,47.11813725,,,
Euro area,EMU,Domestic general government health expenditure per capita (current US$),SH.XPD.GHED.PC.CD,,,,,,,,,,,,,,,,,,,,,,,,,,,,,,,,,,,,,,,,,994.9730885,1017.633385,1115.195766,1939.309989,2214.616589,2289.849658,2428.518847,2747.337156,3044.73031,3102.453513,3019.455511,3190.080265,2973.766449,3130.521879,3198.147651,2745.705695,,,
Eritrea,ERI,Domestic general government health expenditure per capita (current US$),SH.XPD.GHED.PC.CD,,,,,,,,,,,,,,,,,,,,,,,,,,,,,,,,,,,,,,,,,3.30723176,2.98352315,3.30995674,3.00698357,3.46859709,1.82692825,1.78618014,2.98348565,3.40229473,1.65675845,3.64482024,4.34407057,5.81991692,3.59935989,5.89414273,7.10668656,,,
Spain,ESP,Domestic general government health expenditure per capita (current US$),SH.XPD.GHED.PC.CD,,,,,,,,,,,,,,,,,,,,,,,,,,,,,,,,,,,,,,,,,,,,1164.258142,1371.078958,1474.627445,1614.77054,1882.495215,2185.276171,2197.102228,2077.758212,2138.99131,1869.347259,1868.223003,1881.224291,1671.96692,,,
Estonia,EST,Domestic general government health expenditure per capita (current US$),SH.XPD.GHED.PC.CD,,,,,,,,,,,,,,,,,,,,,,,,,,,,,,,,,,,,,,,,,,,,268.3232265,340.1037243,392.4663712,453.5943571,634.1726621,795.2054449,746.4367067,690.7012604,764.7466125,774.2410097,865.4009605,934.0402109,838.034602,,,
Ethiopia,ETH,Domestic general government health expenditure per capita (current US$),SH.XPD.GHED.PC.CD,,,,,,,,,,,,,,,,,,,,,,,,,,,,,,,,,,,,,,,,,2.19764748,2.37353082,2.29947261,2.6870094,1.78413863,2.65424895,2.1365183,3.18004044,1.77109477,3.36024947,2.91070901,1.42868227,4.95911752,5.41691568,3.98824219,6.52342334,,,
European Union,EUU,Domestic general government health expenditure per capita (current US$),SH.XPD.GHED.PC.CD,,,,,,,,,,,,,,,,,,,,,,,,,,,,,,,,,,,,,,,,,982.9603686,1031.733371,1145.83631,1755.093729,2032.561182,2123.292745,2266.340776,2575.96819,2812.55818,2807.487466,2754.495252,2937.070092,2773.377891,2787.824679,2875.143793,2515.603276,,,
Fragile and conflict affected situations,FCS,Domestic general government health expenditure per capita (current US$),SH.XPD.GHED.PC.CD,,,,,,,,,,,,,,,,,,,,,,,,,,,,,,,,,,,,,,,,,9.626093632,10.50297624,9.557364137,10.45080947,13.44320409,13.97631888,15.46288824,19.83168316,24.07039146,26.62495964,24.80164835,25.10587381,19.40377898,20.42486347,21.28061154,19.14775953,,,
Finland,FIN,Domestic general government health expenditure per capita (current US$),SH.XPD.GHED.PC.CD,,,,,,,,,,,,,,,,,,,,,,,,,,,,,,,,,,,,,,,,,1225.724993,1297.594549,1487.156518,1954.111148,2290.060335,2437.832593,2548.453696,2923.910514,3344.222491,3241.708193,3155.510858,3527.586801,3444.003725,3676.599246,3679.824713,3100.743953,,,
Fiji,FJI,Domestic general government health expenditure per capita (current US$),SH.XPD.GHED.PC.CD,,,,,,,,,,,,,,,,,,,,,,,,,,,,,,,,,,,,,,,,,59.17028482,46.08307359,53.88212773,68.30652292,80.06619452,95.7928602,100.5654754,109.061788,100.0715766,80.0264574,86.36381348,89.12092856,94.2669713,96.56788993,113.2893216,110.1372393,,,
France,FRA,Domestic general government health expenditure per capita (current US$),SH.XPD.GHED.PC.CD,,,,,,,,,,,,,,,,,,,,,,,,,,,,,,,,,,,,,,,,,0,0,0,2363.000156,2720.046093,2811.878307,2908.15518,3278.684842,3609.837655,3549.700876,3436.402504,3690.993387,3479.364448,3672.527046,3765.404368,3177.610984,,,
Faroe Islands,FRO,Domestic general government health expenditure per capita (current US$),SH.XPD.GHED.PC.CD,,,,,,,,,,,,,,,,,,,,,,,,,,,,,,,,,,,,,,,,,,,,,,,,,,,,,,,,,,,
"Micronesia, Fed. Sts.",FSM,Domestic general government health expenditure per capita (current US$),SH.XPD.GHED.PC.CD,,,,,,,,,,,,,,,,,,,,,,,,,,,,,,,,,,,,,,,,,37.91430859,41.0282275,38.3978763,48.33695327,52.36195427,62.61064447,62.57333182,59.78416034,74.16872452,58.85917661,65.6240349,91.22704604,81.31484112,84.58486818,96.74768062,102.5783996,,,
Gabon,GAB,Domestic general government health expenditure per capita (current US$),SH.XPD.GHED.PC.CD,,,,,,,,,,,,,,,,,,,,,,,,,,,,,,,,,,,,,,,,,46.6334596,50.2182556,49.21440472,70.21052704,77.27501749,71.80249131,85.53891419,102.8806972,107.2406201,117.99058,137.7247448,169.9143366,144.9372466,176.4645223,146.9999387,116.6089667,,,
United Kingdom,GBR,Domestic general government health expenditure per capita (current US$),SH.XPD.GHED.PC.CD,,,,,,,,,,,,,,,,,,,,,,,,,,,,,,,,,,,,,,,,,1367.956906,1418.527579,1609.757621,1918.076548,2352.073417,2513.250962,2745.886592,3126.399565,3049.871598,2788.194576,2803.997345,2949.818793,2951.463567,3362.425086,3667.734802,3499.957892,,,
Georgia,GEO,Domestic general government health expenditure per capita (current US$),SH.XPD.GHED.PC.CD,,,,,,,,,,,,,,,,,,,,,,,,,,,,,,,,,,,,,,,,,7.17980251,7.74362063,8.46886053,10.28002551,13.58104803,17.70615801,21.00465402,26.17805074,47.13454227,52.07608963,55.82007553,51.03184367,59.85484712,76.67199905,96.46367936,108.9527074,,,
Ghana,GHA,Domestic general government health expenditure per capita (current US$),SH.XPD.GHED.PC.CD,,,,,,,,,,,,,,,,,,,,,,,,,,,,,,,,,,,,,,,,,4.69763133,6.69647548,4.96983062,7.05660547,6.99062538,15.37811441,18.24050392,23.34114115,27.86593807,27.0236021,34.16216383,43.79996782,43.05892757,56.06184818,25.11367198,27.81457674,,,
Gibraltar,GIB,Domestic general government health expenditure per capita (current US$),SH.XPD.GHED.PC.CD,,,,,,,,,,,,,,,,,,,,,,,,,,,,,,,,,,,,,,,,,,,,,,,,,,,,,,,,,,,
Guinea,GIN,Domestic general government health expenditure per capita (current US$),SH.XPD.GHED.PC.CD,,,,,,,,,,,,,,,,,,,,,,,,,,,,,,,,,,,,,,,,,1.7012361,1.94305616,3.56569139,2.71707006,1.5379849,1.53340102,1.31750422,1.8526534,2.08421997,1.70619926,2.47904178,3.13809372,3.36772399,3.54758748,4.01061181,4.31013565,,,
"Gambia, The",GMB,Domestic general government health expenditure per capita (current US$),SH.XPD.GHED.PC.CD,,,,,,,,,,,,,,,,,,,,,,,,,,,,,,,,,,,,,,,,,5.40636823,6.40191844,3.79349166,6.16761206,9.23307188,9.59567338,8.3601757,10.56492016,11.84125415,13.08039038,10.37230477,11.01457153,11.71558929,7.89192419,10.51014123,14.84241442,,,
Guinea-Bissau,GNB,Domestic general government health expenditure per capita (current US$),SH.XPD.GHED.PC.CD,,,,,,,,,,,,,,,,,,,,,,,,,,,,,,,,,,,,,,,,,10.57935078,9.97430473,5.94931493,9.3943648,14.19757343,12.2955876,11.44686817,12.13743478,13.92903664,15.52323452,5.56299139,3.59612233,7.83495475,12.03248057,12.94863835,12.33857109,,,
Equatorial Guinea,GNQ,Domestic general government health expenditure per capita (current US$),SH.XPD.GHED.PC.CD,,,,,,,,,,,,,,,,,,,,,,,,,,,,,,,,,,,,,,,,,10.46713691,8.65577724,8.55331769,15.06053105,27.45998365,32.65223969,48.82051045,66.6440681,106.7113885,76.14687484,54.39201208,60.86465839,89.2389825,92.98882359,79.52235391,65.87096613,,,
Greece,GRC,Domestic general government health expenditure per capita (current US$),SH.XPD.GHED.PC.CD,,,,,,,,,,,,,,,,,,,,,,,,,,,,,,,,,,,,,,,,,,,,,,,,,1754.439127,1929.785408,1777.231974,1552.8423,1284.440457,1122.528483,995.0035453,889.1016155,,,
Grenada,GRD,Domestic general government health expenditure per capita (current US$),SH.XPD.GHED.PC.CD,,,,,,,,,,,,,,,,,,,,,,,,,,,,,,,,,,,,,,,,,91.11740186,105.4574983,130.5909239,130.2401302,146.1190773,181.6793141,198.9782614,193.6841172,197.6936043,210.0645172,204.6648615,200.3648188,182.0373478,177.8046352,177.2456925,178.3497173,,,
Greenland,GRL,Domestic general government health expenditure per capita (current US$),SH.XPD.GHED.PC.CD,,,,,,,,,,,,,,,,,,,,,,,,,,,,,,,,,,,,,,,,,,,,,,,,,,,,,,,,,,,
Guatemala,GTM,Domestic general government health expenditure per capita (current US$),SH.XPD.GHED.PC.CD,,,,,,,,,,,,,,,,,,,,,,,,,,,,,,,,,,,,,,,,,27.88386485,31.32960077,33.39502183,35.26944944,38.36141921,39.25006898,45.69352469,49.23593847,57.84385108,57.88988213,57.11326632,61.31448706,63.52222218,74.07585821,79.81340953,71.87563405,,,
Guam,GUM,Domestic general government health expenditure per capita (current US$),SH.XPD.GHED.PC.CD,,,,,,,,,,,,,,,,,,,,,,,,,,,,,,,,,,,,,,,,,,,,,,,,,,,,,,,,,,,
Guyana,GUY,Domestic general government health expenditure per capita (current US$),SH.XPD.GHED.PC.CD,,,,,,,,,,,,,,,,,,,,,,,,,,,,,,,,,,,,,,,,,32.4759665,33.34645428,37.51622786,38.05341529,39.34033055,41.0139338,36.73163734,41.94178525,42.19131434,44.82388736,52.68851079,66.08671355,79.28503296,95.63572323,108.4695398,94.92234695,,,
High income,HIC,Domestic general government health expenditure per capita (current US$),SH.XPD.GHED.PC.CD,,,,,,,,,,,,,,,,,,,,,,,,,,,,,,,,,,,,,,,,,1405.144457,1454.894018,1548.243591,1873.977249,2081.920051,2189.610044,2309.516829,2517.011577,2720.764736,2816.079003,2928.364437,3185.028509,3171.903885,3128.167245,3235.820135,3082.764493,,,
"Hong Kong SAR, China",HKG,Domestic general government health expenditure per capita (current US$),SH.XPD.GHED.PC.CD,,,,,,,,,,,,,,,,,,,,,,,,,,,,,,,,,,,,,,,,,,,,,,,,,,,,,,,,,,,
Honduras,HND,Domestic general government health expenditure per capita (current US$),SH.XPD.GHED.PC.CD,,,,,,,,,,,,,,,,,,,,,,,,,,,,,,,,,,,,,,,,,33.29737912,28.47838526,29.08427218,30.57654977,30.17860682,38.6363276,45.41166162,50.74054356,52.08868107,66.39433399,66.66047561,63.42886741,73.69578434,68.64524953,65.09680239,68.52299212,,,
Heavily indebted poor countries (HIPC),HPC,Domestic general government health expenditure per capita (current US$),SH.XPD.GHED.PC.CD,,,,,,,,,,,,,,,,,,,,,,,,,,,,,,,,,,,,,,,,,4.742930441,5.102726742,4.948283582,5.605979389,6.458462559,7.635852254,8.601044209,9.891138636,10.34045133,10.8414768,10.74847821,11.54824457,12.22711574,13.43272411,13.24639813,14.36103995,,,
Croatia,HRV,Domestic general government health expenditure per capita (current US$),SH.XPD.GHED.PC.CD,,,,,,,,,,,,,,,,,,,,,,,,,,,,,,,,,,,,,,,,,319.129635,322.775673,309.3759304,422.0566844,512.759026,624.1788966,699.3809044,902.272534,1068.340678,1010.741126,961.6178262,907.4064775,840.1212665,793.2738363,781.902551,654.2010881,,,
Haiti,HTI,Domestic general government health expenditure per capita (current US$),SH.XPD.GHED.PC.CD,,,,,,,,,,,,,,,,,,,,,,,,,,,,,,,,,,,,,,,,,4.41009259,3.62069301,2.79029592,2.20144183,1.97430762,2.64143233,2.37331029,3.78244788,4.68120275,3.78728185,3.8731963,5.37594467,5.89905699,6.74009425,5.97477493,5.72035444,,,
Hungary,HUN,Domestic general government health expenditure per capita (current US$),SH.XPD.GHED.PC.CD,,,,,,,,,,,,,,,,,,,,,,,,,,,,,,,,,,,,,,,,,,,,481.7133013,562.0419971,632.8176488,632.2442071,691.2762641,769.7866283,644.8758255,659.727943,707.4440012,629.8671499,660.2411627,675.9807896,596.3255283,,,
IBRD only,IBD,Domestic general government health expenditure per capita (current US$),SH.XPD.GHED.PC.CD,,,,,,,,,,,,,,,,,,,,,,,,,,,,,,,,,,,,,,,,,24.0094856,24.51791632,25.35427846,35.09263491,41.66858935,49.80390277,60.70494369,76.08408854,96.00833052,100.6153011,111.811283,138.9528663,149.4951121,164.5402648,170.6848173,168.8075379,,,
IDA & IBRD total,IBT,Domestic general government health expenditure per capita (current US$),SH.XPD.GHED.PC.CD,,,,,,,,,,,,,,,,,,,,,,,,,,,,,,,,,,,,,,,,,19.87336744,20.24336807,20.81082795,28.65186258,33.93735632,40.33581862,48.91848133,61.09709139,76.51007819,79.78595924,87.72366056,108.7439541,116.5359872,128.3629836,132.7061802,131.0804297,,,
IDA total,IDA,Domestic general government health expenditure per capita (current US$),SH.XPD.GHED.PC.CD,,,,,,,,,,,,,,,,,,,,,,,,,,,,,,,,,,,,,,,,,4.86213654,4.918516485,5.055612067,5.486091867,6.48442279,7.141238193,8.118982384,9.879911401,10.72258806,10.39376231,10.62958278,11.70197453,12.92042107,13.55247309,13.79854626,14.54556965,,,
IDA blend,IDB,Domestic general government health expenditure per capita (current US$),SH.XPD.GHED.PC.CD,,,,,,,,,,,,,,,,,,,,,,,,,,,,,,,,,,,,,,,,,5.912485604,5.606511555,5.723450815,5.772419526,7.56813671,7.933532422,9.415092154,12.38210645,13.79809321,12.12813165,12.73858547,14.98030871,17.2599076,18.35960028,18.80896842,19.72880096,,,
Indonesia,IDN,Domestic general government health expenditure per capita (current US$),SH.XPD.GHED.PC.CD,,,,,,,,,,,,,,,,,,,,,,,,,,,,,,,,,,,,,,,,,4.9879746,6.3929644,6.61948301,9.46119523,9.35217725,10.02695655,14.3067297,20.51968275,21.30842419,22.4548787,32.78023788,37.86780969,42.76247894,45.36774004,46.33647291,42.68899116,,,
IDA only,IDX,Domestic general government health expenditure per capita (current US$),SH.XPD.GHED.PC.CD,,,,,,,,,,,,,,,,,,,,,,,,,,,,,,,,,,,,,,,,,4.330808945,4.570914396,4.727759052,5.345803435,5.954335171,6.754157895,7.486196922,8.658488127,9.220837914,9.546324283,9.564273926,10.04322112,10.74739927,11.09244218,11.23457298,11.89333354,,,
Isle of Man,IMN,Domestic general government health expenditure per capita (current US$),SH.XPD.GHED.PC.CD,,,,,,,,,,,,,,,,,,,,,,,,,,,,,,,,,,,,,,,,,,,,,,,,,,,,,,,,,,,
India,IND,Domestic general government health expenditure per capita (current US$),SH.XPD.GHED.PC.CD,,,,,,,,,,,,,,,,,,,,,,,,,,,,,,,,,,,,,,,,,3.83912862,3.74947563,3.68749735,4.13018447,4.52117594,5.58545835,6.08040444,7.51596617,8.59694326,9.83749721,11.85855964,14.06778515,13.72923326,12.97019122,13.52420692,16.20387407,,,
Not classified,INX,Domestic general government health expenditure per capita (current US$),SH.XPD.GHED.PC.CD,,,,,,,,,,,,,,,,,,,,,,,,,,,,,,,,,,,,,,,,,,,,,,,,,,,,,,,,,,,
Ireland,IRL,Domestic general government health expenditure per capita (current US$),SH.XPD.GHED.PC.CD,,,,,,,,,,,,,,,,,,,,,,,,,,,,,,,,,,,,,,,,,,,,,,,,,,,,,,3791.639446,3822.746831,3329.41979,,,
"Iran, Islamic Rep.",IRN,Domestic general government health expenditure per capita (current US$),SH.XPD.GHED.PC.CD,,,,,,,,,,,,,,,,,,,,,,,,,,,,,,,,,,,,,,,,,30.25731223,35.85839217,41.10301736,45.4931688,51.38638291,63.86216508,82.48495105,97.97000311,111.0254615,134.7245712,142.645716,175.0229016,178.1716736,159.2496291,192.7788488,195.3767866,,,
Iraq,IRQ,Domestic general government health expenditure per capita (current US$),SH.XPD.GHED.PC.CD,,,,,,,,,,,,,,,,,,,,,,,,,,,,,,,,,,,,,,,,,,,,12.7643737,37.94899713,37.36766622,37.64361341,63.76305896,101.7349966,126.5756807,107.4643058,122.2956698,67.10707717,79.38377236,69.54354291,35.90044626,,,
Iceland,ISL,Domestic general government health expenditure per capita (current US$),SH.XPD.GHED.PC.CD,,,,,,,,,,,,,,,,,,,,,,,,,,,,,,,,,,,,,,,,,,,,3215.168393,3634.275835,4229.206262,4093.571099,4921.174131,3976.552984,2997.839512,2952.836304,3202.129121,3104.677119,3356.623772,3735.482308,3564.83862,,,
Israel,ISR,Domestic general government health expenditure per capita (current US$),SH.XPD.GHED.PC.CD,,,,,,,,,,,,,,,,,,,,,,,,,,,,,,,,,,,,,,,,,,,,,,,990.9659831,1083.267287,1306.426186,1240.876515,1395.366005,1517.167289,1496.169301,1682.606317,,,,,
Italy,ITA,Domestic general government health expenditure per capita (current US$),SH.XPD.GHED.PC.CD,,,,,,,,,,,,,,,,,,,,,,,,,,,,,,,,,,,,,,,,,1104.429324,1182.97092,1314.964836,1625.833621,1952.632281,2073.971572,2200.479539,2393.202905,2710.85644,2603.154777,2521.92704,2608.848173,2379.626861,2430.433967,2413.160347,2021.821342,,,
Jamaica,JAM,Domestic general government health expenditure per capita (current US$),SH.XPD.GHED.PC.CD,,,,,,,,,,,,,,,,,,,,,,,,,,,,,,,,,,,,,,,,,108.0317567,82.49651964,100.3092918,79.78158003,101.9764058,82.27469429,104.7809757,123.7917581,144.6035117,125.471705,139.5919719,150.824105,146.3337545,161.4663939,141.0722238,172.4033724,,,
Jordan,JOR,Domestic general government health expenditure per capita (current US$),SH.XPD.GHED.PC.CD,,,,,,,,,,,,,,,,,,,,,,,,,,,,,,,,,,,,,,,,,71.86054074,77.94483465,82.95925881,80.23390109,73.12592171,100.9551318,104.8160606,130.0395746,179.3465087,222.5896553,205.9026646,214.1976793,199.3047479,180.6293234,194.4166835,147.1604849,,,
Japan,JPN,Domestic general government health expenditure per capita (current US$),SH.XPD.GHED.PC.CD,,,,,,,,,,,,,,,,,,,,,,,,,,,,,,,,,,,,,,,,,2204.170517,2007.604278,1941.678538,2112.669875,2308.462998,2340.139886,2212.181539,2252.600226,2608.335753,2996.361525,3326.401904,4259.971123,4374.525668,3653.679499,3448.382272,,,,
Kazakhstan,KAZ,Domestic general government health expenditure per capita (current US$),SH.XPD.GHED.PC.CD,,,,,,,,,,,,,,,,,,,,,,,,,,,,,,,,,,,,,,,,,25.74582654,28.9546137,31.52828597,40.77445664,64.31522498,92.49727423,118.7638018,117.6758511,188.3601037,187.9403054,240.2982209,266.9228568,304.9012327,313.6736625,284.0828183,228.1191085,,,
Kenya,KEN,Domestic general government health expenditure per capita (current US$),SH.XPD.GHED.PC.CD,,,,,,,,,,,,,,,,,,,,,,,,,,,,,,,,,,,,,,,,,7.85017538,8.25045245,8.71025249,9.3800344,9.06715591,9.329372,10.29417601,12.98029919,10.8886209,12.23640127,17.13687761,17.39517216,20.69032109,22.85035333,24.04448384,23.19320911,,,
Kyrgyz Republic,KGZ,Domestic general government health expenditure per capita (current US$),SH.XPD.GHED.PC.CD,,,,,,,,,,,,,,,,,,,,,,,,,,,,,,,,,,,,,,,,,5.94282245,6.16877247,7.14199192,8.68919248,10.26215415,18.41456332,23.28359658,22.60649612,28.28547155,30.56191476,30.19653128,41.57089483,49.84250713,50.93478011,47.6908012,41.30696247,,,
Cambodia,KHM,Domestic general government health expenditure per capita (current US$),SH.XPD.GHED.PC.CD,,,,,,,,,,,,,,,,,,,,,,,,,,,,,,,,,,,,,,,,,3.90008006,4.01865463,5.00343903,8.07837777,8.44198841,6.72565483,4.00896616,6.13984982,7.63919509,8.98713988,10.7076781,11.29473814,13.37931126,14.29310035,13.56015625,14.51521369,,,
Kiribati,KIR,Domestic general government health expenditure per capita (current US$),SH.XPD.GHED.PC.CD,,,,,,,,,,,,,,,,,,,,,,,,,,,,,,,,,,,,,,,,,66.59513039,87.26366606,94.36598885,104.0195533,136.1916857,134.9155323,112.0808872,126.5002052,150.3092654,113.3022202,127.8739789,141.0406087,136.4515571,132.7993715,133.672765,103.7267699,,,
St. Kitts and Nevis,KNA,Domestic general government health expenditure per capita (current US$),SH.XPD.GHED.PC.CD,,,,,,,,,,,,,,,,,,,,,,,,,,,,,,,,,,,,,,,,,185.8989223,190.3600975,198.0442145,207.044548,232.0570592,249.2925465,290.8607595,288.4877935,304.0548072,308.0136132,304.8401976,307.0054595,285.5847886,286.1101479,336.1811805,340.5843042,,,
"Korea, Rep.",KOR,Domestic general government health expenditure per capita (current US$),SH.XPD.GHED.PC.CD,,,,,,,,,,,,,,,,,,,,,,,,,,,,,,,,,,,,,,,,,255.3949118,296.6013439,319.7110649,376.0917997,422.8652294,526.2440287,652.2260268,744.9863341,678.1283306,673.0016862,832.1964369,908.5137788,927.8025255,1009.178827,1122.403831,1135.11774,,,
Kuwait,KWT,Domestic general government health expenditure per capita (current US$),SH.XPD.GHED.PC.CD,,,,,,,,,,,,,,,,,,,,,,,,,,,,,,,,,,,,,,,,,351.3133481,485.3914832,506.4912235,572.3813745,591.6890375,673.9133248,779.9093449,768.7939161,840.0836428,1267.18099,898.4366845,1088.952458,1121.47149,1058.342101,1181.759675,983.0320439,,,
Latin America & Caribbean (excluding high income),LAC,Domestic general government health expenditure per capita (current US$),SH.XPD.GHED.PC.CD,,,,,,,,,,,,,,,,,,,,,,,,,,,,,,,,,,,,,,,,,96.25967978,87.56800146,82.72852874,102.9219948,117.3734126,137.6807967,164.8374958,196.1404262,229.4565745,229.7399569,278.8775388,314.1666372,305.538456,322.2292869,329.4250211,280.7617266,,,
Lao PDR,LAO,Domestic general government health expenditure per capita (current US$),SH.XPD.GHED.PC.CD,,,,,,,,,,,,,,,,,,,,,,,,,,,,,,,,,,,,,,,,,4.47813707,4.71499726,3.80131117,4.38467466,3.75319306,4.83461622,4.29060207,4.55662617,5.38668379,12.43588848,8.1255035,5.19199491,6.93758792,13.10448351,13.79491727,18.65562966,,,
Lebanon,LBN,Domestic general government health expenditure per capita (current US$),SH.XPD.GHED.PC.CD,,,,,,,,,,,,,,,,,,,,,,,,,,,,,,,,,,,,,,,,,169.8643411,178.4002143,163.0809052,154.7499336,162.6456889,156.3594985,192.7884296,213.7731755,218.2309291,232.4212569,265.9830239,311.6971152,358.2144306,334.4889025,338.4632194,326.0298656,,,
Liberia,LBR,Domestic general government health expenditure per capita (current US$),SH.XPD.GHED.PC.CD,,,,,,,,,,,,,,,,,,,,,,,,,,,,,,,,,,,,,,,,,2.25480389,2.41005171,1.50637981,1.2169335,1.95241686,1.66465246,2.30645322,3.14785028,6.26490384,4.46782986,3.97755069,8.72889946,7.50946667,8.02243266,5.25342007,5.1347505,,,
Libya,LBY,Domestic general government health expenditure per capita (current US$),SH.XPD.GHED.PC.CD,,,,,,,,,,,,,,,,,,,,,,,,,,,,,,,,,,,,,,,,,119.2261073,138.3781346,121.1773728,125.7617071,132.8625686,137.2419463,153.5935192,183.4066287,217.5251233,244.8614122,280.3567234,197.8424706,,,,,,,
St. Lucia,LCA,Domestic general government health expenditure per capita (current US$),SH.XPD.GHED.PC.CD,,,,,,,,,,,,,,,,,,,,,,,,,,,,,,,,,,,,,,,,,104.0614929,106.9814607,105.317879,106.5152783,111.9627844,115.7207876,121.8665336,126.4958748,138.0340514,146.4438762,147.2671133,160.7255004,106.0264691,136.1532917,162.2099361,201.9707394,,,
Latin America & Caribbean,LCN,Domestic general government health expenditure per capita (current US$),SH.XPD.GHED.PC.CD,,,,,,,,,,,,,,,,,,,,,,,,,,,,,,,,,,,,,,,,,102.8762666,94.99140423,84.39821398,106.8300743,122.0110632,143.1365457,171.4347366,204.6169564,241.2374231,243.7582928,296.3793987,336.2422962,337.4264036,359.6068866,364.2178242,328.945597,,,
Least developed countries: UN classification,LDC,Domestic general government health expenditure per capita (current US$),SH.XPD.GHED.PC.CD,,,,,,,,,,,,,,,,,,,,,,,,,,,,,,,,,,,,,,,,,3.421435767,3.711690452,3.784762952,4.381299988,5.154270995,5.668021819,6.617766879,7.851258784,8.88690169,8.943834861,8.263711447,8.986362405,9.694523643,10.29825942,10.77478302,10.75635265,,,
Low income,LIC,Domestic general government health expenditure per capita (current US$),SH.XPD.GHED.PC.CD,,,,,,,,,,,,,,,,,,,,,,,,,,,,,,,,,,,,,,,,,4.112899879,4.658893571,4.732605129,5.29917907,5.69555537,6.244551059,6.450890614,7.031933101,7.506187044,7.035337702,7.357834156,7.339038224,7.845428216,7.610402509,7.9276391,7.301335479,,,
Liechtenstein,LIE,Domestic general government health expenditure per capita (current US$),SH.XPD.GHED.PC.CD,,,,,,,,,,,,,,,,,,,,,,,,,,,,,,,,,,,,,,,,,,,,,,,,,,,,,,,,,,,
Sri Lanka,LKA,Domestic general government health expenditure per capita (current US$),SH.XPD.GHED.PC.CD,,,,,,,,,,,,,,,,,,,,,,,,,,,,,,,,,,,,,,,,,23.43979632,21.72117219,22.90691137,23.34821698,26.85896397,30.19566381,33.37326475,35.81126922,40.23068728,40.82971052,43.92045806,50.82275547,48.15609861,57.18807737,62.34557541,63.31604341,,,
Lower middle income,LMC,Domestic general government health expenditure per capita (current US$),SH.XPD.GHED.PC.CD,,,,,,,,,,,,,,,,,,,,,,,,,,,,,,,,,,,,,,,,,6.608213971,6.643307794,6.796984444,7.598964843,8.63022854,10.19207724,12.32157538,15.29056055,17.36836371,17.80174379,20.22921134,23.02810234,24.72524817,25.78656223,25.01150995,25.86033813,,,
Low & middle income,LMY,Domestic general government health expenditure per capita (current US$),SH.XPD.GHED.PC.CD,,,,,,,,,,,,,,,,,,,,,,,,,,,,,,,,,,,,,,,,,18.08558544,18.50628557,19.66771367,27.05603912,32.09281072,38.15953805,46.36626523,57.97866439,72.73677046,75.8848426,82.98173096,103.5175046,110.585795,118.6478487,123.2423629,121.4319544,,,
Lesotho,LSO,Domestic general government health expenditure per capita (current US$),SH.XPD.GHED.PC.CD,,,,,,,,,,,,,,,,,,,,,,,,,,,,,,,,,,,,,,,,,14.34250016,16.38281325,13.21577848,19.50389441,23.93668241,20.24555351,27.72231461,41.60122335,40.06810761,44.65193926,37.21720582,46.50330487,48.08184525,40.79588332,52.69681689,51.62158518,,,
Late-demographic dividend,LTE,Domestic general government health expenditure per capita (current US$),SH.XPD.GHED.PC.CD,,,,,,,,,,,,,,,,,,,,,,,,,,,,,,,,,,,,,,,,,32.87550912,33.63085095,37.03525739,42.3330013,50.07214706,63.06043459,79.41781439,102.2903767,135.9356124,146.0971794,169.6582852,208.286762,227.7338295,263.8094471,278.3596075,273.3465796,,,
Lithuania,LTU,Domestic general government health expenditure per capita (current US$),SH.XPD.GHED.PC.CD,,,,,,,,,,,,,,,,,,,,,,,,,,,,,,,,,,,,,,,,,140.371415,152.2059737,190.3228005,259.2419388,244.109046,293.0037029,362.6534198,500.7471682,667.3717378,626.7707586,577.4447797,657.3205073,604.0429033,635.3040501,680.2400296,608.0288589,,,
Luxembourg,LUX,Domestic general government health expenditure per capita (current US$),SH.XPD.GHED.PC.CD,,,,,,,,,,,,,,,,,,,,,,,,,,,,,,,,,,,,,,,,,2377.11217,2570.00345,2966.45238,3809.505422,4675.842167,4835.821189,5023.190539,5642.958753,6538.047901,6553.635518,6350.334002,5976.756917,5940.116898,6268.842968,6282.830782,5155.596657,,,
Latvia,LVA,Domestic general government health expenditure per capita (current US$),SH.XPD.GHED.PC.CD,,,,,,,,,,,,,,,,,,,,,,,,,,,,,,,,,,,,,,,,,131.3385103,142.7286949,168.4339274,200.6673202,317.5560012,352.5418553,488.7327499,675.2056735,789.0938276,631.4517418,585.5402673,682.4033408,645.0798312,690.7818526,733.1916694,450.6548556,,,
"Macao SAR, China",MAC,Domestic general government health expenditure per capita (current US$),SH.XPD.GHED.PC.CD,,,,,,,,,,,,,,,,,,,,,,,,,,,,,,,,,,,,,,,,,,,,,,,,,,,,,,,,,,,
St. Martin (French part),MAF,Domestic general government health expenditure per capita (current US$),SH.XPD.GHED.PC.CD,,,,,,,,,,,,,,,,,,,,,,,,,,,,,,,,,,,,,,,,,,,,,,,,,,,,,,,,,,,
Morocco,MAR,Domestic general government health expenditure per capita (current US$),SH.XPD.GHED.PC.CD,,,,,,,,,,,,,,,,,,,,,,,,,,,,,,,,,,,,,,,,,13.20517832,14.67371372,17.50934242,21.78224598,25.42312061,25.22826481,40.51357884,55.77515499,62.32001229,73.14959182,67.30470924,72.5743975,72.03534514,79.52820415,80.68835779,69.17375257,,,
Monaco,MCO,Domestic general government health expenditure per capita (current US$),SH.XPD.GHED.PC.CD,,,,,,,,,,,,,,,,,,,,,,,,,,,,,,,,,,,,,,,,,1129.187892,1150.182726,1258.565607,1806.03585,2096.818352,2133.838008,2174.377139,2396.132262,2800.203139,2763.076282,2744.161609,2867.381687,2761.735541,3010.038321,3129.793014,2680.742551,,,
Moldova,MDA,Domestic general government health expenditure per capita (current US$),SH.XPD.GHED.PC.CD,,,,,,,,,,,,,,,,,,,,,,,,,,,,,,,,,,,,,,,,,10.46101397,11.67512879,16.24985031,17.97570244,38.24311763,41.81725081,49.32137123,69.3972945,89.47538492,88.93961727,90.92473883,100.3242927,108.5337223,108.2078202,113.8713857,84.89933794,,,
Madagascar,MDG,Domestic general government health expenditure per capita (current US$),SH.XPD.GHED.PC.CD,,,,,,,,,,,,,,,,,,,,,,,,,,,,,,,,,,,,,,,,,5.57100341,6.67280557,6.07506952,5.90833458,4.74342424,4.76962147,5.57296123,8.2120795,7.61587467,6.04190742,9.00935677,7.98911267,5.78157675,7.05693832,9.28024482,9.50276535,,,
Maldives,MDV,Domestic general government health expenditure per capita (current US$),SH.XPD.GHED.PC.CD,,,,,,,,,,,,,,,,,,,,,,,,,,,,,,,,,,,,,,,,,73.30037194,74.84756315,71.74395514,74.78785377,91.3320292,108.2796093,142.4225115,217.6332312,421.1729656,385.2918173,319.1742465,393.5771609,314.5458154,544.9772119,766.8264407,770.2368062,,,
Middle East & North Africa,MEA,Domestic general government health expenditure per capita (current US$),SH.XPD.GHED.PC.CD,,,,,,,,,,,,,,,,,,,,,,,,,,,,,,,,,,,,,,,,,61.50001481,66.71361271,66.91606145,67.00245789,73.16475695,83.27645683,116.9847991,133.9374463,156.6201787,177.6942152,180.0868845,212.5442464,222.9990921,244.9835958,241.1576627,217.8328308,,,
Mexico,MEX,Domestic general government health expenditure per capita (current US$),SH.XPD.GHED.PC.CD,,,,,,,,,,,,,,,,,,,,,,,,,,,,,,,,,,,,,,,,,,,,166.640542,189.1677457,199.4021622,214.5798098,237.8397058,255.5249776,222.911413,262.0836888,290.0605371,299.6186666,326.0101126,307.3344168,279.0038288,,,
Marshall Islands,MHL,Domestic general government health expenditure per capita (current US$),SH.XPD.GHED.PC.CD,,,,,,,,,,,,,,,,,,,,,,,,,,,,,,,,,,,,,,,,,324.7855787,274.1282793,251.8531769,249.6608719,267.4334793,264.1225627,267.2593418,349.1833055,297.205274,293.3906537,257.9664282,325.4459861,350.2769307,397.7384312,330.5897955,399.4934144,,,
Middle income,MIC,Domestic general government health expenditure per capita (current US$),SH.XPD.GHED.PC.CD,,,,,,,,,,,,,,,,,,,,,,,,,,,,,,,,,,,,,,,,,19.35747056,19.78559063,21.14218276,29.14816845,34.67386328,41.3328085,50.40259586,63.21893773,79.56017328,83.20566838,91.48049042,114.3356787,122.5404368,131.3410381,136.642609,134.9128809,,,
North Macedonia,MKD,Domestic general government health expenditure per capita (current US$),SH.XPD.GHED.PC.CD,,,,,,,,,,,,,,,,,,,,,,,,,,,,,,,,,,,,,,,,,2.34166648,2.43113883,93.97379504,124.6415003,136.6533871,142.8091929,160.1443142,176.9550418,222.8014373,205.0404982,198.7325599,210.6140891,182.0644069,202.6116046,210.432143,189.2253511,,,
Mali,MLI,Domestic general government health expenditure per capita (current US$),SH.XPD.GHED.PC.CD,,,,,,,,,,,,,,,,,,,,,,,,,,,,,,,,,,,,,,,,,2.81466958,3.16185324,3.42533066,5.36435605,8.74408054,8.82602663,9.71989655,8.99657337,7.31595177,6.21595238,4.5924144,5.81402975,3.63887389,5.78260204,7.54619641,6.99895714,,,
Malta,MLT,Domestic general government health expenditure per capita (current US$),SH.XPD.GHED.PC.CD,,,,,,,,,,,,,,,,,,,,,,,,,,,,,,,,,,,,,,,,,465.0316245,471.2252809,584.7463472,749.4197461,852.1634037,953.2078375,1008.784165,1065.116933,1133.987079,1088.932842,1118.18124,1263.679849,1245.436388,1436.537919,1527.904767,1397.641432,,,
Myanmar,MMR,Domestic general government health expenditure per capita (current US$),SH.XPD.GHED.PC.CD,,,,,,,,,,,,,,,,,,,,,,,,,,,,,,,,,,,,,,,,,0.43445924,0.38360118,0.72892641,0.49781066,0.56628055,0.41297231,0.75261609,0.73997501,0.88590831,1.20350466,1.47131613,2.4290351,4.77227142,6.9377789,12.42065752,13.59937578,,,
Middle East & North Africa (excluding high income),MNA,Domestic general government health expenditure per capita (current US$),SH.XPD.GHED.PC.CD,,,,,,,,,,,,,,,,,,,,,,,,,,,,,,,,,,,,,,,,,32.3149031,35.53262226,36.75763289,36.12071543,41.28110794,45.84123521,55.15568744,67.98184636,83.86519093,94.72103537,96.51383462,111.2932192,110.3227607,111.550478,122.9403151,109.3514535,,,
Montenegro,MNE,Domestic general government health expenditure per capita (current US$),SH.XPD.GHED.PC.CD,,,,,,,,,,,,,,,,,,,,,,,,,,,,,,,,,,,,,,,,,78.51660184,106.3104174,115.9677484,177.4596,201.5837395,205.2482411,232.9037193,257.3185279,279.1057201,223.4943703,254.2037533,274.1537137,262.8311564,283.4928196,282.3506781,256.5531644,,,
Mongolia,MNG,Domestic general government health expenditure per capita (current US$),SH.XPD.GHED.PC.CD,,,,,,,,,,,,,,,,,,,,,,,,,,,,,,,,,,,,,,,,,20.06179946,18.34213433,20.39000959,18.00350327,21.19127437,22.69978012,27.72138024,39.43082069,56.41646203,43.74626828,54.60679349,67.54377294,87.5279438,86.269218,79.8336279,79.60802466,,,
Northern Mariana Islands,MNP,Domestic general government health expenditure per capita (current US$),SH.XPD.GHED.PC.CD,,,,,,,,,,,,,,,,,,,,,,,,,,,,,,,,,,,,,,,,,,,,,,,,,,,,,,,,,,,
Mozambique,MOZ,Domestic general government health expenditure per capita (current US$),SH.XPD.GHED.PC.CD,,,,,,,,,,,,,,,,,,,,,,,,,,,,,,,,,,,,,,,,,8.16883004,9.13688739,8.37785417,7.86777196,9.00164214,11.11979013,11.50780381,9.54242807,6.50441265,3.10332366,1.70050039,1.59166049,8.55109452,6.18181677,11.69344784,2.28925797,,,
Mauritania,MRT,Domestic general government health expenditure per capita (current US$),SH.XPD.GHED.PC.CD,,,,,,,,,,,,,,,,,,,,,,,,,,,,,,,,,,,,,,,,,3.05419859,3.38313428,5.40070568,5.35477485,5.65917269,7.70034768,8.26179793,10.05123666,13.61633592,11.81714668,11.40710222,13.58265344,15.70953246,19.38859874,20.27952554,20.9208332,,,
Mauritius,MUS,Domestic general government health expenditure per capita (current US$),SH.XPD.GHED.PC.CD,,,,,,,,,,,,,,,,,,,,,,,,,,,,,,,,,,,,,,,,,63.68562624,64.25433139,71.91285928,84.96312388,103.250419,95.25185741,93.86563559,98.61157212,113.2423934,115.3648143,157.9886327,159.8732286,174.4558813,188.4131883,252.1852415,231.8090147,,,
Malawi,MWI,Domestic general government health expenditure per capita (current US$),SH.XPD.GHED.PC.CD,,,,,,,,,,,,,,,,,,,,,,,,,,,,,,,,,,,,,,,,,3.50031334,2.75304996,3.67948695,4.30412873,3.3119738,4.15578082,3.95580031,3.31258799,7.17886082,6.25442028,7.31344097,8.31033155,5.04324896,6.94715244,7.82298164,9.80499063,,,
Malaysia,MYS,Domestic general government health expenditure per capita (current US$),SH.XPD.GHED.PC.CD,,,,,,,,,,,,,,,,,,,,,,,,,,,,,,,,,,,,,,,,,52.59697717,58.65266054,63.15543007,75.23059391,80.28393692,81.6569278,110.7728443,128.995366,146.2877594,142.487841,156.7712213,188.6584313,207.1147874,210.8416406,233.2286767,200.8066265,,,
North America,NAC,Domestic general government health expenditure per capita (current US$),SH.XPD.GHED.PC.CD,,,,,,,,,,,,,,,,,,,,,,,,,,,,,,,,,,,,,,,,,1959.935907,2146.052164,2321.268033,2506.635012,2697.28245,2875.267373,3112.349876,3296.195924,3485.220423,3660.949269,3835.920177,3959.04478,4074.182832,4187.254182,4445.261392,4652.667038,,,
Namibia,NAM,Domestic general government health expenditure per capita (current US$),SH.XPD.GHED.PC.CD,,,,,,,,,,,,,,,,,,,,,,,,,,,,,,,,,,,,,,,,,127.9852437,116.389591,113.5027501,167.887983,209.9422945,208.280303,207.2539923,252.6348127,213.3975473,184.122818,265.4122196,293.8428305,285.3000597,281.4303893,283.1618007,266.4503643,,,
New Caledonia,NCL,Domestic general government health expenditure per capita (current US$),SH.XPD.GHED.PC.CD,,,,,,,,,,,,,,,,,,,,,,,,,,,,,,,,,,,,,,,,,,,,,,,,,,,,,,,,,,,
Niger,NER,Domestic general government health expenditure per capita (current US$),SH.XPD.GHED.PC.CD,,,,,,,,,,,,,,,,,,,,,,,,,,,,,,,,,,,,,,,,,2.23436436,2.87589932,3.23062506,2.85613717,3.40442356,6.15037828,6.90186752,5.93651779,7.55440306,7.17960414,5.69113361,6.79562734,5.95612058,7.51211319,6.89948604,5.40781856,,,
Nigeria,NGA,Domestic general government health expenditure per capita (current US$),SH.XPD.GHED.PC.CD,,,,,,,,,,,,,,,,,,,,,,,,,,,,,,,,,,,,,,,,,2.94195284,3.06017769,2.4210778,4.59892587,7.89129186,8.32987562,11.41243125,15.28852535,18.28882402,12.51911194,10.43734102,12.18758876,14.99885566,14.66349819,14.36648601,16.08042522,,,
Nicaragua,NIC,Domestic general government health expenditure per capita (current US$),SH.XPD.GHED.PC.CD,,,,,,,,,,,,,,,,,,,,,,,,,,,,,,,,,,,,,,,,,25.7044472,26.31409872,24.47623873,19.3733821,26.72505331,30.74168156,31.98002649,38.89177556,47.93928767,51.44801861,45.34390144,62.18818444,70.79333785,72.76983107,83.8961488,92.09770602,,,
Netherlands,NLD,Domestic general government health expenditure per capita (current US$),SH.XPD.GHED.PC.CD,,,,,,,,,,,,,,,,,,,,,,,,,,,,,,,,,,,,,,,,,,,,1987.325885,2237.287626,2595.147741,3376.571335,3934.294987,4433.808631,4391.061242,4333.393171,4639.689868,4428.484576,4563.36035,4578.264904,3830.537498,,,
Norway,NOR,Domestic general government health expenditure per capita (current US$),SH.XPD.GHED.PC.CD,,,,,,,,,,,,,,,,,,,,,,,,,,,,,,,,,,,,,,,,,,,,3852.758586,4231.674117,4638.149026,4911.310048,5771.659486,6535.643529,6165.485366,6655.481436,7513.967795,7602.645368,7857.194681,7776.915436,6374.194198,,,
Nepal,NPL,Domestic general government health expenditure per capita (current US$),SH.XPD.GHED.PC.CD,,,,,,,,,,,,,,,,,,,,,,,,,,,,,,,,,,,,,,,,,1.33785809,1.83895632,2.3199549,2.08182378,2.12414137,2.76742693,3.34865417,3.23423701,3.58256477,4.3284824,5.43343539,6.14063365,5.87261068,6.0909119,7.54064591,8.05308368,,,
Nauru,NRU,Domestic general government health expenditure per capita (current US$),SH.XPD.GHED.PC.CD,,,,,,,,,,,,,,,,,,,,,,,,,,,,,,,,,,,,,,,,,235.0995195,199.6445833,208.049825,275.3098754,254.9142752,293.7116339,317.0816271,408.0504291,446.3003019,297.4218128,375.0985772,378.3703303,389.6134812,337.8577062,515.4769239,440.3468172,,,
New Zealand,NZL,Domestic general government health expenditure per capita (current US$),SH.XPD.GHED.PC.CD,,,,,,,,,,,,,,,,,,,,,,,,,,,,,,,,,,,,,,,,,822.2050178,801.9578717,970.8481421,,1579.635764,1828.747647,1843.091456,2224.118118,2295.57532,2189.445812,2610.681323,2932.711514,3064.235965,3166.479547,,,,,
OECD members,OED,Domestic general government health expenditure per capita (current US$),SH.XPD.GHED.PC.CD,,,,,,,,,,,,,,,,,,,,,,,,,,,,,,,,,,,,,,,,,1528.894752,1583.457636,1691.350787,1741.488855,1939.320174,2039.97386,2152.702027,2348.559326,2541.234006,2622.325725,2878.655332,2963.288614,2944.682028,2907.79592,2996.634727,2814.831047,,,
Oman,OMN,Domestic general government health expenditure per capita (current US$),SH.XPD.GHED.PC.CD,,,,,,,,,,,,,,,,,,,,,,,,,,,,,,,,,,,,,,,,,215.4284555,214.3702283,229.080838,238.4864327,246.9089044,263.6732871,268.6515723,311.0912777,350.1771601,386.1642527,437.6179643,438.0073325,465.245949,516.9288362,648.0501486,561.7160142,,,
Other small states,OSS,Domestic general government health expenditure per capita (current US$),SH.XPD.GHED.PC.CD,,,,,,,,,,,,,,,,,,,,,,,,,,,,,,,,,,,,,,,,,105.7908277,109.7395067,107.0437516,198.1864004,227.7727392,245.2523743,258.5694938,302.3144254,323.9517074,305.3090146,315.4459815,351.8283837,365.1163295,405.172202,443.7645686,417.9887538,,,
Pakistan,PAK,Domestic general government health expenditure per capita (current US$),SH.XPD.GHED.PC.CD,,,,,,,,,,,,,,,,,,,,,,,,,,,,,,,,,,,,,,,,,5.62352132,4.9529599,5.95056968,3.74824604,4.53068157,4.51675182,4.2466071,6.35248946,5.18439039,5.4982364,5.84941944,7.43171782,8.18267472,8.51761857,9.37067052,10.43062412,,,
Panama,PAN,Domestic general government health expenditure per capita (current US$),SH.XPD.GHED.PC.CD,,,,,,,,,,,,,,,,,,,,,,,,,,,,,,,,,,,,,,,,,192.7145637,187.1327294,192.6258984,187.9418081,216.8330944,190.8895413,228.6031446,263.381321,299.5694512,309.5104132,333.2629072,343.8550986,369.0224861,472.87999,526.8435113,566.9015605,,,
Peru,PER,Domestic general government health expenditure per capita (current US$),SH.XPD.GHED.PC.CD,,,,,,,,,,,,,,,,,,,,,,,,,,,,,,,,,,,,,,,,,47.15949947,52.70940348,59.41637981,63.09562273,67.06309181,68.40553209,73.45118922,77.99175254,91.29201016,105.2303342,124.4862113,139.083461,163.6074412,183.8629809,204.0448141,199.2636389,,,
Philippines,PHL,Domestic general government health expenditure per capita (current US$),SH.XPD.GHED.PC.CD,,,,,,,,,,,,,,,,,,,,,,,,,,,,,,,,,,,,,,,,,14.55177544,11.45436158,10.12551844,11.67993695,12.21127935,15.42350222,17.62368367,20.53173849,23.30119113,24.35625912,29.2992876,26.10417397,29.68984485,32.30043838,33.09042425,39.84220673,,,
Palau,PLW,Domestic general government health expenditure per capita (current US$),SH.XPD.GHED.PC.CD,,,,,,,,,,,,,,,,,,,,,,,,,,,,,,,,,,,,,,,,,358.967927,324.5932282,298.2882906,310.7088325,347.7295496,324.567668,347.0309314,331.3630443,299.1038659,361.4433192,366.9593063,391.4013302,491.5113691,590.3287285,619.9159477,625.6725385,,,
Papua New Guinea,PNG,Domestic general government health expenditure per capita (current US$),SH.XPD.GHED.PC.CD,,,,,,,,,,,,,,,,,,,,,,,,,,,,,,,,,,,,,,,,,15.78272539,13.21881133,13.20308776,13.01370648,17.32446642,18.74575932,21.03378943,23.53722892,26.03498447,26.03776473,26.0691357,37.03859746,46.80265766,73.27410015,72.84027441,54.94532761,,,
Poland,POL,Domestic general government health expenditure per capita (current US$),SH.XPD.GHED.PC.CD,,,,,,,,,,,,,,,,,,,,,,,,,,,,,,,,,,,,,,,,,,,,,,,,,,,,,,620.5477173,632.5041515,556.80123,,,
Pre-demographic dividend,PRE,Domestic general government health expenditure per capita (current US$),SH.XPD.GHED.PC.CD,,,,,,,,,,,,,,,,,,,,,,,,,,,,,,,,,,,,,,,,,4.01238192,4.545410497,4.371014348,5.788901546,8.64599526,9.240314583,11.13568783,14.36496719,17.86653255,17.46696325,15.4862082,17.39264485,15.70102433,16.96698797,16.72338418,15.26279005,,,
Puerto Rico,PRI,Domestic general government health expenditure per capita (current US$),SH.XPD.GHED.PC.CD,,,,,,,,,,,,,,,,,,,,,,,,,,,,,,,,,,,,,,,,,,,,,,,,,,,,,,,,,,,
"Korea, Dem. People’s Rep.",PRK,Domestic general government health expenditure per capita (current US$),SH.XPD.GHED.PC.CD,,,,,,,,,,,,,,,,,,,,,,,,,,,,,,,,,,,,,,,,,,,,,,,,,,,,,,,,,,,
Portugal,PRT,Domestic general government health expenditure per capita (current US$),SH.XPD.GHED.PC.CD,,,,,,,,,,,,,,,,,,,,,,,,,,,,,,,,,,,,,,,,,681.5249379,700.1722622,802.219394,998.2366368,1192.590604,1263.951745,1253.100555,1420.361273,1587.916286,1593.822267,1544.047776,1494.489731,1258.012911,1311.293535,1312.984738,1140.069072,,,
Paraguay,PRY,Domestic general government health expenditure per capita (current US$),SH.XPD.GHED.PC.CD,,,,,,,,,,,,,,,,,,,,,,,,,,,,,,,,,,,,,,,,,37.85451673,30.11891639,18.42907509,21.95633925,26.22272851,28.5539057,39.30241049,51.38757794,65.84559509,77.28753175,93.16920034,131.890806,157.3978914,157.3564102,194.7442633,172.0308918,,,
West Bank and Gaza,PSE,Domestic general government health expenditure per capita (current US$),SH.XPD.GHED.PC.CD,,,,,,,,,,,,,,,,,,,,,,,,,,,,,,,,,,,,,,,,,,,,,,,,,,,,,,,,,,,
Pacific island small states,PSS,Domestic general government health expenditure per capita (current US$),SH.XPD.GHED.PC.CD,,,,,,,,,,,,,,,,,,,,,,,,,,,,,,,,,,,,,,,,,62.00014217,57.1708477,57.79316124,64.29192552,73.2964388,86.37948411,87.90524957,95.79373301,95.96329511,84.16200721,89.77402676,98.26270039,108.9763425,121.4591715,126.4070806,121.9874036,,,
Post-demographic dividend,PST,Domestic general government health expenditure per capita (current US$),SH.XPD.GHED.PC.CD,,,,,,,,,,,,,,,,,,,,,,,,,,,,,,,,,,,,,,,,,1422.365525,1476.331313,1579.541301,1914.649928,2131.391322,2254.307304,2389.400069,2608.335615,2821.656531,2922.83158,3043.522402,3310.592938,3295.967085,3332.076903,3436.902226,3307.854276,,,
French Polynesia,PYF,Domestic general government health expenditure per capita (current US$),SH.XPD.GHED.PC.CD,,,,,,,,,,,,,,,,,,,,,,,,,,,,,,,,,,,,,,,,,,,,,,,,,,,,,,,,,,,
Qatar,QAT,Domestic general government health expenditure per capita (current US$),SH.XPD.GHED.PC.CD,,,,,,,,,,,,,,,,,,,,,,,,,,,,,,,,,,,,,,,,,358.4732879,414.8262255,463.5272261,905.0007955,964.1116729,990.928074,993.5898791,988.5145501,991.4942813,938.4434949,893.0196925,1011.332588,1225.369365,1543.167655,1825.426314,1733.482199,,,
Romania,ROU,Domestic general government health expenditure per capita (current US$),SH.XPD.GHED.PC.CD,,,,,,,,,,,,,,,,,,,,,,,,,,,,,,,,,,,,,,,,,56.32034289,63.88876568,79.35235265,121.257451,141.8463796,204.5036334,231.0895592,339.2113259,424.1739798,353.6124102,377.2714151,320.3840441,308.2255123,391.9926031,396.5963882,343.9661698,,,
Russian Federation,RUS,Domestic general government health expenditure per capita (current US$),SH.XPD.GHED.PC.CD,,,,,,,,,,,,,,,,,,,,,,,,,,,,,,,,,,,,,,,,,56.63672833,68.55965884,82.07148537,95.67618213,122.9697996,166.3038792,217.7514907,286.6157695,381.9425549,320.6986379,348.2511298,429.0015374,484.2217325,506.0126863,458.6322408,319.917351,,,
Rwanda,RWA,Domestic general government health expenditure per capita (current US$),SH.XPD.GHED.PC.CD,,,,,,,,,,,,,,,,,,,,,,,,,,,,,,,,,,,,,,,,,2.50320036,2.44990939,2.58643594,5.67680013,5.33989059,6.2753613,5.34541186,6.95297818,8.63222536,9.14128729,9.94316608,14.7491661,13.70305338,12.48653286,18.31380478,12.11033647,,,
South Asia,SAS,Domestic general government health expenditure per capita (current US$),SH.XPD.GHED.PC.CD,,,,,,,,,,,,,,,,,,,,,,,,,,,,,,,,,,,,,,,,,4.129004475,3.918373227,3.978381993,4.132379542,4.562980553,5.402062243,5.827783386,7.220921719,8.034227378,9.02925587,10.69785031,12.67701342,12.4430344,12.0320337,12.68058642,14.89423294,,,
Saudi Arabia,SAU,Domestic general government health expenditure per capita (current US$),SH.XPD.GHED.PC.CD,,,,,,,,,,,,,,,,,,,,,,,,,,,,,,,,,,,,,,,,,276.962383,279.75251,265.9690533,275.5282955,285.3573,340.5246647,405.0486325,413.0227935,378.5958037,448.7470794,435.1153763,591.7600927,694.5020077,774.9275693,916.935425,851.5599511,,,
Sudan,SDN,Domestic general government health expenditure per capita (current US$),SH.XPD.GHED.PC.CD,,,,,,,,,,,,,,,,,,,,,,,,,,,,,,,,,,,,,,,,,5.70643963,6.11920301,6.92272825,8.88463801,13.44443723,17.59282128,24.52068908,36.21484602,32.57541425,43.44031125,33.8012442,27.2431466,25.02506492,19.74814462,28.00476768,47.2685228,,,
Senegal,SEN,Domestic general government health expenditure per capita (current US$),SH.XPD.GHED.PC.CD,,,,,,,,,,,,,,,,,,,,,,,,,,,,,,,,,,,,,,,,,8.06176118,9.36565965,8.99072278,12.26970237,13.95761125,14.79004771,16.95173461,14.22499392,18.65624201,15.82185943,12.8994143,15.00819966,12.97030315,10.77972408,13.90899549,11.45482166,,,
Singapore,SGP,Domestic general government health expenditure per capita (current US$),SH.XPD.GHED.PC.CD,,,,,,,,,,,,,,,,,,,,,,,,,,,,,,,,,,,,,,,,,298.1834736,197.0732249,235.6777052,307.3001965,269.2007353,284.7818644,320.8119499,363.3411882,475.7083773,547.1850933,641.586649,744.2088413,849.2497106,1001.637543,1131.773993,1182.914637,,,
Solomon Islands,SLB,Domestic general government health expenditure per capita (current US$),SH.XPD.GHED.PC.CD,,,,,,,,,,,,,,,,,,,,,,,,,,,,,,,,,,,,,,,,,45.2302002,58.20240324,45.66693745,41.33340789,42.41534459,64.96358716,58.75817881,62.43768387,70.2442782,56.02547016,54.96241535,68.34038897,97.40862291,97.98660715,104.4400387,94.34941603,,,
Sierra Leone,SLE,Domestic general government health expenditure per capita (current US$),SH.XPD.GHED.PC.CD,,,,,,,,,,,,,,,,,,,,,,,,,,,,,,,,,,,,,,,,,4.22375949,5.77943174,6.21591007,6.50025076,5.47390182,4.4542521,3.01612187,3.26913131,4.05549178,3.76303731,4.92263726,3.48521094,4.90664647,5.7307353,9.47510903,9.56343672,,,
El Salvador,SLV,Domestic general government health expenditure per capita (current US$),SH.XPD.GHED.PC.CD,,,,,,,,,,,,,,,,,,,,,,,,,,,,,,,,,,,,,,,,,76.061701,77.67510426,85.05626733,84.97815051,92.29641171,103.6629695,120.3224052,115.9304509,121.6437619,119.3151489,133.5182378,156.0307853,154.7198102,166.787265,171.2000706,181.7970692,,,
San Marino,SMR,Domestic general government health expenditure per capita (current US$),SH.XPD.GHED.PC.CD,,,,,,,,,,,,,,,,,,,,,,,,,,,,,,,,,,,,,,,,,1504.204017,1549.874558,1562.893988,1776.225108,2118.456395,2039.059283,2360.083841,2978.933334,3426.455116,3345.828019,3235.298019,3485.71193,3301.130326,3280.668916,3145.230577,2622.744201,,,
Somalia,SOM,Domestic general government health expenditure per capita (current US$),SH.XPD.GHED.PC.CD,,,,,,,,,,,,,,,,,,,,,,,,,,,,,,,,,,,,,,,,,,,,,,,,,,,,,,,,,,,
Serbia,SRB,Domestic general government health expenditure per capita (current US$),SH.XPD.GHED.PC.CD,,,,,,,,,,,,,,,,,,,,,,,,,,,,,,,,,,,,,,,,,42.66326509,74.14709154,125.0533763,160.752062,186.2197866,201.3311186,232.2089689,333.8903982,415.7929633,354.7773967,332.6504198,378.3887372,347.736916,375.641468,354.7067454,283.3776593,,,
Sub-Saharan Africa (excluding high income),SSA,Domestic general government health expenditure per capita (current US$),SH.XPD.GHED.PC.CD,,,,,,,,,,,,,,,,,,,,,,,,,,,,,,,,,,,,,,,,,10.39651199,10.06098962,8.761839634,12.26462219,17.0137305,18.48059335,21.88455092,25.0477153,26.22935106,26.19538995,29.94956984,33.68638728,33.62400152,32.48597031,30.70728325,29.43811883,,,
South Sudan,SSD,Domestic general government health expenditure per capita (current US$),SH.XPD.GHED.PC.CD,,,,,,,,,,,,,,,,,,,,,,,,,,,,,,,,,,,,,,,,,,,,,,,,,,,,,5.65076978,4.65941478,8.27036536,5.92872876,,,
Sub-Saharan Africa,SSF,Domestic general government health expenditure per capita (current US$),SH.XPD.GHED.PC.CD,,,,,,,,,,,,,,,,,,,,,,,,,,,,,,,,,,,,,,,,,10.43140721,10.09460407,8.797966406,12.30365664,17.05395468,18.52076732,21.92585246,25.08317077,26.25445645,26.2162883,29.98089799,33.71634569,33.6653581,32.52683407,30.74920592,29.48027294,,,
Small states,SST,Domestic general government health expenditure per capita (current US$),SH.XPD.GHED.PC.CD,,,,,,,,,,,,,,,,,,,,,,,,,,,,,,,,,,,,,,,,,107.4713902,108.2142681,110.4789642,176.5579806,202.6033637,218.9867007,233.9263346,271.2950154,293.6070409,279.0805257,289.1674094,319.669037,332.4051886,367.5128117,395.3962447,380.9048704,,,
Sao Tome and Principe,STP,Domestic general government health expenditure per capita (current US$),SH.XPD.GHED.PC.CD,,,,,,,,,,,,,,,,,,,,,,,,,,,,,,,,,,,,,,,,,19.99235932,19.3402155,21.51302031,39.82557356,35.80447313,39.73712013,5.06758958,8.55118002,10.28257844,26.2573213,25.92816149,32.97165271,29.1371071,43.11793936,59.08042415,59.46352911,,,
Suriname,SUR,Domestic general government health expenditure per capita (current US$),SH.XPD.GHED.PC.CD,,,,,,,,,,,,,,,,,,,,,,,,,,,,,,,,,,,,,,,,,81.48306175,40.25503679,68.48764582,67.600752,78.45019957,83.84447461,147.352331,141.0079413,165.2667175,192.1721169,189.1916457,212.552232,254.6379625,260.5877739,267.632377,291.5548646,,,
Slovak Republic,SVK,Domestic general government health expenditure per capita (current US$),SH.XPD.GHED.PC.CD,,,,,,,,,,,,,,,,,,,,,,,,,,,,,,,,,,,,,,,,,,,,,,452.7046285,510.1820368,713.300209,943.3029103,966.2074501,931.4046749,996.5283052,952.2836037,1016.670553,1033.032282,883.5988354,,,
Slovenia,SVN,Domestic general government health expenditure per capita (current US$),SH.XPD.GHED.PC.CD,,,,,,,,,,,,,,,,,,,,,,,,,,,,,,,,,,,,,,,,,,,,876.4775871,1005.291353,1065.396539,1127.871579,1283.456411,1597.431707,1547.524633,1473.820158,1568.147209,1412.140239,1442.309932,1445.546644,1263.053628,,,
Sweden,SWE,Domestic general government health expenditure per capita (current US$),SH.XPD.GHED.PC.CD,,,,,,,,,,,,,,,,,,,,,,,,,,,,,,,,,,,,,,,,,,1776.067766,2035.959375,2588.262217,2886.712863,2921.568951,3099.320544,3537.528926,3808.670587,3402.854408,3633.250313,5362.689049,5243.53902,5605.98924,5525.897007,4685.249701,,,
Eswatini,SWZ,Domestic general government health expenditure per capita (current US$),SH.XPD.GHED.PC.CD,,,,,,,,,,,,,,,,,,,,,,,,,,,,,,,,,,,,,,,,,42.35444161,36.77645572,34.44075114,63.251314,76.49522095,104.6272393,101.615038,114.406167,126.5987877,135.294181,213.7685699,208.307447,174.0209043,170.0288713,149.3445401,150.5693821,,,
Sint Maarten (Dutch part),SXM,Domestic general government health expenditure per capita (current US$),SH.XPD.GHED.PC.CD,,,,,,,,,,,,,,,,,,,,,,,,,,,,,,,,,,,,,,,,,,,,,,,,,,,,,,,,,,,
Seychelles,SYC,Domestic general government health expenditure per capita (current US$),SH.XPD.GHED.PC.CD,,,,,,,,,,,,,,,,,,,,,,,,,,,,,,,,,,,,,,,,,286.8345508,283.2687559,301.2340324,340.5351715,365.7809891,374.6643671,390.3397844,348.374021,256.2691249,222.2001549,328.5068587,334.8897918,461.8238669,459.3462455,473.7565305,477.039038,,,
Syrian Arab Republic,SYR,Domestic general government health expenditure per capita (current US$),SH.XPD.GHED.PC.CD,,,,,,,,,,,,,,,,,,,,,,,,,,,,,,,,,,,,,,,,,19.26449766,24.21566061,29.02031843,32.67543651,31.27375938,31.90571823,31.14087231,36.28987229,40.54084696,41.23561728,42.02213106,36.8361278,31.74496242,,,,,,
Turks and Caicos Islands,TCA,Domestic general government health expenditure per capita (current US$),SH.XPD.GHED.PC.CD,,,,,,,,,,,,,,,,,,,,,,,,,,,,,,,,,,,,,,,,,,,,,,,,,,,,,,,,,,,
Chad,TCD,Domestic general government health expenditure per capita (current US$),SH.XPD.GHED.PC.CD,,,,,,,,,,,,,,,,,,,,,,,,,,,,,,,,,,,,,,,,,4.25152494,4.53943639,5.70607501,5.81684237,9.74211936,9.48265693,7.24101957,8.22944773,7.54042659,7.46151422,7.61771549,8.29345574,6.76800618,18.56291089,12.82574967,8.34546426,,,
East Asia & Pacific (IDA & IBRD countries),TEA,Domestic general government health expenditure per capita (current US$),SH.XPD.GHED.PC.CD,,,,,,,,,,,,,,,,,,,,,,,,,,,,,,,,,,,,,,,,,10.36264142,11.60712664,14.36241686,16.94826639,19.75087113,23.50930143,30.15906504,40.7789972,58.96952334,72.77325583,86.77844276,113.5506924,133.7372273,150.908414,168.119106,192.8594981,,,
Europe & Central Asia (IDA & IBRD countries),TEC,Domestic general government health expenditure per capita (current US$),SH.XPD.GHED.PC.CD,,,,,,,,,,,,,,,,,,,,,,,,,,,,,,,,,,,,,,,,,43.50363304,51.63904084,61.77608037,92.9336287,117.0330277,148.8989608,182.0738562,233.7759464,294.6553118,261.3964576,248.9721641,309.8268408,332.1072734,374.0046828,348.778593,275.1336873,,,
Togo,TGO,Domestic general government health expenditure per capita (current US$),SH.XPD.GHED.PC.CD,,,,,,,,,,,,,,,,,,,,,,,,,,,,,,,,,,,,,,,,,1.17515022,1.2703626,1.48866761,1.99046788,2.4417819,2.72612102,3.06449478,3.72526438,4.44199723,5.07086592,8.19215896,8.36828705,9.20801984,8.41673067,9.02133329,10.26181007,,,
Thailand,THA,Domestic general government health expenditure per capita (current US$),SH.XPD.GHED.PC.CD,,,,,,,,,,,,,,,,,,,,,,,,,,,,,,,,,,,,,,,,,36.07839587,33.21036834,45.37984904,50.20546543,55.67963872,60.42117346,78.62507178,99.96921324,118.4047518,115.1319298,131.168188,154.508668,161.3544107,166.6280446,169.9451383,167.3688648,,,
Tajikistan,TJK,Domestic general government health expenditure per capita (current US$),SH.XPD.GHED.PC.CD,,,,,,,,,,,,,,,,,,,,,,,,,,,,,,,,,,,,,,,,,1.23972531,1.46576708,1.51497686,1.74698011,2.76950286,3.3079735,3.75861099,5.64573955,9.84693726,7.72786517,9.45855195,11.68848778,15.56552142,18.3368729,21.91582209,17.73644844,,,
Turkmenistan,TKM,Domestic general government health expenditure per capita (current US$),SH.XPD.GHED.PC.CD,,,,,,,,,,,,,,,,,,,,,,,,,,,,,,,,,,,,,,,,,35.74792398,42.80920041,45.88684811,66.46054343,73.08545864,72.98254834,68.7172074,73.95159959,40.94063596,47.10979437,53.34492261,71.86318115,85.20902006,107.3595208,118.0250402,97.01857733,,,
Latin America & the Caribbean (IDA & IBRD countries),TLA,Domestic general government health expenditure per capita (current US$),SH.XPD.GHED.PC.CD,,,,,,,,,,,,,,,,,,,,,,,,,,,,,,,,,,,,,,,,,102.4398301,94.52665931,83.86140583,106.3814224,121.5454583,142.6862592,170.9064578,204.1144398,240.7137191,243.2329877,295.949482,335.8625343,336.9638666,359.2236758,363.9223901,328.5438306,,,
Timor-Leste,TLS,Domestic general government health expenditure per capita (current US$),SH.XPD.GHED.PC.CD,,,,,,,,,,,,,,,,,,,,,,,,,,,,,,,,,,,,,,,,,,,6.12242687,6.64622543,7.39518691,9.56005159,10.37593754,4.92772775,20.42568569,21.60756707,26.13787152,32.85915355,41.60598655,44.65785576,53.69908329,44.81469036,,,
Middle East & North Africa (IDA & IBRD countries),TMN,Domestic general government health expenditure per capita (current US$),SH.XPD.GHED.PC.CD,,,,,,,,,,,,,,,,,,,,,,,,,,,,,,,,,,,,,,,,,32.3149031,35.53262226,36.75763289,36.12071543,41.28110794,45.84123521,55.15568744,67.98184636,83.86519093,94.72103537,96.51383462,111.2932192,110.3227607,111.550478,122.9403151,109.3514535,,,
Tonga,TON,Domestic general government health expenditure per capita (current US$),SH.XPD.GHED.PC.CD,,,,,,,,,,,,,,,,,,,,,,,,,,,,,,,,,,,,,,,,,44.33480151,41.35754274,47.38500255,50.24367507,58.55789442,67.44327667,81.22202622,94.2629755,94.7988757,94.11852719,101.9394763,115.2071495,111.65754,116.320134,117.9079632,104.8147766,,,
South Asia (IDA & IBRD),TSA,Domestic general government health expenditure per capita (current US$),SH.XPD.GHED.PC.CD,,,,,,,,,,,,,,,,,,,,,,,,,,,,,,,,,,,,,,,,,4.129004475,3.918373227,3.978381993,4.132379542,4.562980553,5.402062243,5.827783386,7.220921719,8.034227378,9.02925587,10.69785031,12.67701342,12.4430344,12.0320337,12.68058642,14.89423294,,,
Sub-Saharan Africa (IDA & IBRD countries),TSS,Domestic general government health expenditure per capita (current US$),SH.XPD.GHED.PC.CD,,,,,,,,,,,,,,,,,,,,,,,,,,,,,,,,,,,,,,,,,10.43140721,10.09460407,8.797966406,12.30365664,17.05395468,18.52076732,21.92585246,25.08317077,26.25445645,26.2162883,29.98089799,33.71634569,33.6653581,32.52683407,30.74920592,29.48027294,,,
Trinidad and Tobago,TTO,Domestic general government health expenditure per capita (current US$),SH.XPD.GHED.PC.CD,,,,,,,,,,,,,,,,,,,,,,,,,,,,,,,,,,,,,,,,,110.456753,131.5007038,148.2386653,179.6904959,206.2167439,295.1258131,289.3862838,349.6996145,412.7380749,423.3486146,452.2375102,486.7312096,492.9120639,577.1394034,588.753777,616.2586615,,,
Tunisia,TUN,Domestic general government health expenditure per capita (current US$),SH.XPD.GHED.PC.CD,,,,,,,,,,,,,,,,,,,,,,,,,,,,,,,,,,,,,,,,,58.86640135,60.0040394,65.22388348,77.58523221,86.79119533,87.62424564,94.83590314,109.5081926,126.7318166,128.8850599,135.8201816,154.4647427,155.7091064,170.1367536,169.1539708,145.2811021,,,
Turkey,TUR,Domestic general government health expenditure per capita (current US$),SH.XPD.GHED.PC.CD,,,,,,,,,,,,,,,,,,,,,,,,,,,,,,,,,,,,,,,,,,,,169.9699319,214.8053963,247.2107891,287.0340661,352.6786012,414.8497446,402.5477108,,420.6963123,415.5068664,432.8119771,409.1365322,355.2029016,,,
Tuvalu,TUV,Domestic general government health expenditure per capita (current US$),SH.XPD.GHED.PC.CD,,,,,,,,,,,,,,,,,,,,,,,,,,,,,,,,,,,,,,,,,356.1824403,249.632902,192.1617035,247.888965,204.0536064,221.2717661,241.4455103,264.8815617,289.4321514,315.2233447,425.0697205,486.2446678,468.2273451,472.0354047,478.4754328,422.7182313,,,
Tanzania,TZA,Domestic general government health expenditure per capita (current US$),SH.XPD.GHED.PC.CD,,,,,,,,,,,,,,,,,,,,,,,,,,,,,,,,,,,,,,,,,2.69937302,3.91061843,4.84145276,5.68488907,8.00862471,10.07125386,11.0570701,10.09857065,9.49950216,9.63614038,10.02175388,9.2960718,9.49788143,10.69171817,11.54642528,11.20416313,,,
Uganda,UGA,Domestic general government health expenditure per capita (current US$),SH.XPD.GHED.PC.CD,,,,,,,,,,,,,,,,,,,,,,,,,,,,,,,,,,,,,,,,,4.60258173,4.99156108,5.35202514,5.11111598,6.86344311,6.78694329,7.56180574,8.61009375,6.85789725,5.23822441,8.43330547,8.09255502,8.88773654,8.79733651,8.52661933,6.18642786,,,
Ukraine,UKR,Domestic general government health expenditure per capita (current US$),SH.XPD.GHED.PC.CD,,,,,,,,,,,,,,,,,,,,,,,,,,,,,,,,,,,,,,,,,16.62447804,21.90305143,27.0983356,38.42157654,46.6877784,68.30606198,89.63788099,110.0063605,125.2242746,97.95379602,109.4967927,122.5662415,144.9862541,152.480784,86.15331151,58.02811932,,,
Upper middle income,UMC,Domestic general government health expenditure per capita (current US$),SH.XPD.GHED.PC.CD,,,,,,,,,,,,,,,,,,,,,,,,,,,,,,,,,,,,,,,,,33.42842743,34.42723295,37.28544024,51.5368729,61.97293238,74.25725667,91.00847204,114.7596472,146.9905318,154.6787097,172.3712131,215.6846371,232.1767247,250.4841357,263.5057217,259.6952247,,,
Uruguay,URY,Domestic general government health expenditure per capita (current US$),SH.XPD.GHED.PC.CD,,,,,,,,,,,,,,,,,,,,,,,,,,,,,,,,,,,,,,,,,285.6798448,300.2410874,206.1318866,198.1690009,194.2324803,232.7405134,280.2085515,295.0976633,450.4715694,482.4447994,615.6202157,752.2294616,860.9752238,988.7191786,987.0306252,894.5648307,,,
United States,USA,Domestic general government health expenditure per capita (current US$),SH.XPD.GHED.PC.CD,,,,,,,,,,,,,,,,,,,,,,,,,,,,,,,,,,,,,,,,,2014.864184,2216.969279,2404.460997,2576.533882,2759.389709,2927.447094,3157.752319,3327.857634,3516.093114,3717.166202,3857.812224,3965.515565,4089.129211,4219.88301,4528.400998,4801.936305,,,
Uzbekistan,UZB,Domestic general government health expenditure per capita (current US$),SH.XPD.GHED.PC.CD,,,,,,,,,,,,,,,,,,,,,,,,,,,,,,,,,,,,,,,,,13.93126798,11.78608327,9.17662754,9.3135458,10.39671329,12.27072436,15.29793635,18.41035364,24.97179073,29.91006177,37.25976866,43.5035722,53.59834445,58.49679546,63.07949197,71.59331745,,,
St. Vincent and the Grenadines,VCT,Domestic general government health expenditure per capita (current US$),SH.XPD.GHED.PC.CD,,,,,,,,,,,,,,,,,,,,,,,,,,,,,,,,,,,,,,,,,112.4104157,116.6175614,136.996288,143.5752933,145.3461534,149.6010493,152.3511581,168.622986,187.2921031,188.5482036,200.439303,192.967238,212.6729028,218.9951556,209.1494149,198.6569902,,,
"Venezuela, RB",VEN,Domestic general government health expenditure per capita (current US$),SH.XPD.GHED.PC.CD,,,,,,,,,,,,,,,,,,,,,,,,,,,,,,,,,,,,,,,,,87.44085654,95.93350247,64.53607497,55.08828274,75.61219044,94.45086742,122.0025897,167.0171933,210.2478222,232.8727227,243.3780799,240.9870649,220.7885445,201.7842576,279.1247425,463.8769037,,,
British Virgin Islands,VGB,Domestic general government health expenditure per capita (current US$),SH.XPD.GHED.PC.CD,,,,,,,,,,,,,,,,,,,,,,,,,,,,,,,,,,,,,,,,,,,,,,,,,,,,,,,,,,,
Virgin Islands (U.S.),VIR,Domestic general government health expenditure per capita (current US$),SH.XPD.GHED.PC.CD,,,,,,,,,,,,,,,,,,,,,,,,,,,,,,,,,,,,,,,,,,,,,,,,,,,,,,,,,,,
Vietnam,VNM,Domestic general government health expenditure per capita (current US$),SH.XPD.GHED.PC.CD,,,,,,,,,,,,,,,,,,,,,,,,,,,,,,,,,,,,,,,,,8.31554502,8.05140315,9.24695294,9.64575142,12.70942402,15.52005158,17.82829049,20.25261444,25.20269268,26.31027136,33.96378754,37.30109706,48.28239221,55.84914946,48.82234747,48.80669627,,,
Vanuatu,VUT,Domestic general government health expenditure per capita (current US$),SH.XPD.GHED.PC.CD,,,,,,,,,,,,,,,,,,,,,,,,,,,,,,,,,,,,,,,,,12.68851907,10.49402052,10.30188178,10.37810883,14.87875896,13.94462236,15.75951465,12.69220289,12.73838369,21.27967164,36.74753376,32.00105647,35.20668891,118.0481209,76.07808016,82.21545378,,,
World,WLD,Domestic general government health expenditure per capita (current US$),SH.XPD.GHED.PC.CD,,,,,,,,,,,,,,,,,,,,,,,,,,,,,,,,,,,,,,,,,241.1610169,250.0855661,263.7543671,331.7811427,371.8659629,394.4928586,421.5552929,463.9771469,512.0454565,528.4346946,557.3541946,608.3646822,608.9774005,622.4615262,636.7175658,554.2622461,,,
Samoa,WSM,Domestic general government health expenditure per capita (current US$),SH.XPD.GHED.PC.CD,,,,,,,,,,,,,,,,,,,,,,,,,,,,,,,,,,,,,,,,,52.62868198,47.81981105,57.53234148,57.75878325,72.61528456,86.41121555,97.45417607,105.7940306,124.3418434,138.8297611,144.9674825,149.7556779,160.5287934,166.5077368,182.6146597,176.335053,,,
Kosovo,XKX,Domestic general government health expenditure per capita (current US$),SH.XPD.GHED.PC.CD,,,,,,,,,,,,,,,,,,,,,,,,,,,,,,,,,,,,,,,,,,,,,,,,,,,,,,,,,,,
"Yemen, Rep.",YEM,Domestic general government health expenditure per capita (current US$),SH.XPD.GHED.PC.CD,,,,,,,,,,,,,,,,,,,,,,,,,,,,,,,,,,,,,,,,,12.78732494,13.27781941,13.17493892,14.54863697,13.53589558,13.47140284,14.66043738,15.57113166,19.29336954,14.31463995,15.21551017,14.73726595,17.63712399,15.47958149,12.90425436,7.33537794,,,
South Africa,ZAF,Domestic general government health expenditure per capita (current US$),SH.XPD.GHED.PC.CD,,,,,,,,,,,,,,,,,,,,,,,,,,,,,,,,,,,,,,,,,81.59127041,70.80405409,56.52005204,87.03878936,133.4566853,145.3853844,175.0409482,191.5434601,188.7364216,208.7261243,284.7705999,325.1744913,318.6970878,287.1660262,273.8460209,252.132436,,,
Zambia,ZMB,Domestic general government health expenditure per capita (current US$),SH.XPD.GHED.PC.CD,,,,,,,,,,,,,,,,,,,,,,,,,,,,,,,,,,,,,,,,,6.7530144,7.29303701,6.92572805,8.67791708,12.56746038,10.75626927,17.24728885,10.70895776,9.68706058,4.14705655,8.75844852,18.38169144,22.40341932,26.50726922,27.62529535,25.36081597,,,
Zimbabwe,ZWE,Domestic general government health expenditure per capita (current US$),SH.XPD.GHED.PC.CD,,,,,,,,,,,,,,,,,,,,,,,,,,,,,,,,,,,,,,,,,,,,,,,,,,,14.50501078,16.50709748,17.85270007,21.13532523,16.85984438,19.62925581,,,
